customer_id,customer_name,email,city,state,signup_date
1,JOHN CONWAY,tracy20@example.net,Lake Kimberly,PW,2026-01-14
2,DAWN GRANT,emiller@example.com,,NV,2025-03-30
3,CAROL YATES,gomezlisa@example.net,Amandaport,GU,2021-02-05
4,ALEX BOWMAN,browningshawn@example.com,South Melindabury,VT,2024-02-08
5,JANET BYRD,iobrien@example.com,Paulashire,HI,2022-03-13
6,  Arthur Castro,bobby06@example.net,Angelmouth,,2024-01-14
7,TIMOTHY KNIGHT,xhughes@example.com,Lake Alexis,RI,2022-01-27
8,LAURIE HANEY,susanrobinson@example.com,Fordtown,VA,2023-12-28
9,ROBERT HUFFMAN,omelendez@example.net,Port Michaelfurt,UT,2022-09-04
10,JASMINE MELENDEZ,marc24@example.com,Heatherport,MN,2025-08-25
11,  Darrell Hernandez,,Stevenland,TN,2023-03-25
12,DUSTIN JOHNSON,ebennett@example.org,Port Bryan,SC,2022-12-04
13,SUSAN CONLEY,ymcpherson@example.org,Apriltown,SD,invalid_date
14,KARA KING,foxphillip@example.com,New Juliaview,GU,2022-07-26
15,CONNIE GONZALEZ,justin43@example.com,Smithland,GA,2022-04-03
16,LOGAN OLSEN,hkey@example.org,Millsberg,WA,2024-02-23
17,KIMBERLY WILLIAMS,joannahoward@example.net,Port Williamborough,VI,2021-11-08
18,CHARLES HERNANDEZ,barbarabeasley@example.net,North Davidmouth,MI,2022-01-18
19,TERRY VALENZUELA,harrissteven@example.net,Christopherport,AS,2022-01-01
20,TARA WHITE,richardsonelizabeth@example.net,Mendozaland,WI,invalid_date
21,JOSHUA STARK,tiffanymalone@example.org,Bradleyview,WV,2022-07-18
22,  Brian Johnson,brandon46@example.com,Clarkside,VI,2023-05-11
23,  Gary Prince,cheyenne09@example.com,Veronicatown,MA,2021-05-25
24,MICHAEL WONG,thomaslisa@example.com,West Christopherbury,PR,2023-07-26
25,MICHAEL FORD,thomas49@example.com,West Brandonborough,CO,2022-07-15
26,ALLISON WILLIAMS,adunn@example.org,East Gordon,PA,2021-09-03
27,SIERRA MANN,,Stevensmouth,NH,2025-04-15
28,MARY JONES,morenosteven@example.org,New Russell,AZ,2022-02-17
29,LISA RIDDLE,cobbwilliam@example.net,South Angela,OK,2023-05-09
30,JOSE CROSBY,tgray@example.com,Jaredport,NV,2021-09-16
31,  Jennifer Thomas,mhale@example.com,,,2022-06-25
32,AMY SANFORD,,East Laurenshire,MA,2024-01-31
33,MARK BARTON,hartstephen@example.net,New Kristinatown,DE,2024-07-07
34,DIANE TAYLOR,zstark@example.org,,FM,2025-08-01
35,  Fred Holmes,stephanie90@example.org,West Jeremiah,KS,2024-05-05
36,  Debbie Bennett,holtrobin@example.net,Raymondville,GA,2024-12-04
37,HEATHER QUINN,larry30@example.com,Port Brianna,KY,2023-04-05
38,CONNIE HORN,ashley19@example.net,,,invalid_date
39,MR. GREGORY MARTINEZ,msimmons@example.com,,AZ,2025-03-19
40,CYNTHIA FOWLER,shane33@example.com,West Ashley,NC,2025-07-26
7,ROBERT MARTIN,,Jacobsonport,MA,2022-02-05
42,  Judy Moreno,halemelinda@example.com,New Lisa,AK,2023-09-09
43,LARRY SANDOVAL,laurenbrennan@example.com,New Steve,SC,2024-10-19
44,SABRINA SUMMERS DDS,linda22@example.org,West Jason,,2025-12-02
45,RUBEN PENA,macdonaldricardo@example.net,Haroldtown,PR,invalid_date
46,LISA BENNETT,alex77@example.com,New James,,2021-08-29
47,KIMBERLY WILLIAMS,smithcheryl@example.com,Michaelfurt,AL,2025-04-24
48,MONICA JOHNSON,jim29@example.com,Blackburnmouth,ME,2025-07-25
49,JOE CLEMENTS,joseph10@example.net,Williamsonbury,NC,2025-09-02
50,CHELSEA NELSON,kennedyjoseph@example.org,Lucasland,RI,2021-09-06
51,DR. MARGARET BURNS,edwardsdaniel@example.net,Garybury,CT,2023-07-05
52,AMANDA SOLIS,iwade@example.com,New Andreaburgh,FL,2023-05-22
53,ERIC PARK,timothy98@example.org,Port Nathan,UT,2023-08-17
54,BILLY BROWN,kimberlymay@example.com,Deborahborough,HI,2022-12-14
55,STEVEN MARTINEZ,robertslaura@example.org,New Morgan,WA,2021-12-05
56,JACOB WEAVER,csullivan@example.com,West Patrick,KS,2025-10-12
57,DEBORAH GUZMAN,michael57@example.net,South Crystalchester,MA,2025-12-23
58,  Stephanie Cole,,North Mariaville,TX,2023-01-29
59,DAKOTA LAM,matthewsmith@example.org,Lake Laurie,MT,2022-05-28
60,ROBERT BARKER,gsoto@example.org,Amyborough,ME,2022-09-24
61,TONY WRIGHT,jacksonaaron@example.net,West Desireeton,VT,2022-04-05
62,SANDRA BAILEY,brianna10@example.net,New Melissa,OK,2024-05-31
63,ELIZABETH PECK,parkerandrew@example.com,,CO,2026-01-16
64,JORDAN VEGA,kevin60@example.org,Port Katherine,TX,2023-08-08
65,  Jacob Wilson,carolynnelson@example.com,,AL,2023-01-11
66,TIMOTHY GOMEZ,ilara@example.net,Juliebury,CT,2021-08-31
67,  Denise Horton,osmith@example.net,Lake Cathyberg,OH,2024-04-25
68,GEORGE JAMES,zcannon@example.org,New Krista,CA,2022-07-16
69,LAURA NGUYEN,,Lake Kenneth,NH,2021-06-30
70,JAMIE MYERS,aguilarmelanie@example.net,Jeremystad,OR,2021-12-07
71,PETER FRIEDMAN,,Port Ryanport,TN,2024-11-09
72,STEPHANIE RODRIGUEZ,adamsandrew@example.org,Bryanttown,AZ,2025-12-31
73,STEVEN IRWIN,sboyd@example.com,West Christopher,OK,2025-10-19
74,MACKENZIE HERNANDEZ,,,IN,2022-05-27
75,JONATHAN HARDIN,othomas@example.org,Kristenbury,PA,2021-02-16
76,ALBERT RAMIREZ,qlee@example.com,Susanbury,SC,2022-03-13
77,DANIELLE PORTER,sharonwilson@example.net,North Tylerton,,2021-09-23
78,JONATHAN AUSTIN,wellsbryan@example.org,Amychester,PR,2023-08-07
79,DAWN YOUNG,wanglaura@example.com,,KY,2024-07-16
80,NICOLE EDWARDS,masoncharles@example.net,North Robertchester,FM,2021-05-30
81,JULIAN KEITH,richard00@example.com,Port Amyland,,2021-03-25
82,MICHAEL GILBERT,hollywarren@example.com,Kingfurt,CO,2024-09-02
83,JUSTIN BOWERS,randerson@example.com,New Austin,NH,2025-10-05
84,BRANDON LE,williamsalejandro@example.org,Flemingland,TN,2024-07-02
85,AMANDA MCGEE,,,VT,2022-12-10
86,JOHN CRAWFORD,jallison@example.net,Gloriamouth,DE,2022-12-19
87,RACHAEL OWENS,,West Dannyfurt,TX,2025-12-20
88,ANDREW WALL,qrichardson@example.org,New Willie,IA,2021-02-24
89,JAMES PALMER,yvonne08@example.com,Kingchester,TN,2023-11-19
90,GREGORY WHITE,ucarrillo@example.com,Clairechester,LA,2025-10-23
91,WILLIAM MANNING,peterholland@example.org,Michaelchester,NJ,2022-11-27
92,MR. BRIAN OWENS,christophermorris@example.com,Hillview,PW,2021-05-11
93,MICHAEL SANCHEZ,orobinson@example.com,Kellyview,ND,2025-09-26
94,MICHAEL REYES,,Robbinshaven,NJ,invalid_date
95,AMBER PETTY,ajackson@example.com,New Tara,NJ,2025-07-11
96,  Matthew Bates,mosleykyle@example.com,New Jeffery,WI,2021-05-31
97,JEFFREY COX IV,lorinichols@example.com,New Adam,TX,invalid_date
98,DR. JOSHUA FRITZ,austinmcgee@example.org,South Jeffrey,AK,2022-10-02
99,  Mary Davenport,xthomas@example.com,Morsefurt,PR,2021-10-08
100,  David Jimenez,anitagarcia@example.net,North Ricardo,PW,2021-03-15
101,MONICA WHITE,gloriaharrison@example.com,Allisonstad,MN,2022-08-01
102,JOSE COLE,fnavarro@example.net,Port David,PA,2025-05-06
103,CHRISTOPHER BARNES,mlindsey@example.org,East Samantha,CA,2025-07-28
104,JILL WOOD,hollyflores@example.com,Beckerton,PA,2024-03-03
105,IVAN PALMER,carloshawkins@example.org,South Robert,NE,2021-09-06
106,TAMMY ROBINSON,singhthomas@example.org,West Annebury,VT,2025-01-16
107,OLIVIA HAMILTON,alan66@example.org,Emilyfurt,KY,2022-01-13
108,MARCO FLORES,andersonashley@example.org,Catherinemouth,IN,invalid_date
109,MARK HALL,psullivan@example.com,North Jacob,MH,2024-06-09
110,CHRISTINE FERNANDEZ,kathy90@example.com,Sethstad,RI,2025-06-16
111,MICHAEL WOOD,,Antonioview,NJ,2024-07-09
112,JAMES TURNER,garciasarah@example.org,Rogersmouth,,2024-12-26
113,ALEXANDER WHITE,crossdiana@example.org,Port Thomas,MI,2024-03-16
114,MARTIN TAYLOR,,South Alicia,MP,2025-12-06
115,  Jeffrey Reyes,mjohnson@example.net,East Brianmouth,TX,2025-08-14
116,GREGORY CHASE,pmendez@example.com,Chamberschester,MA,2024-04-13
117,  Amy Wright,istephenson@example.com,Laurenborough,SC,2022-10-03
118,MICHAEL ADAMS,,Branchberg,AK,2024-09-20
119,AMY FLETCHER,rmurphy@example.net,Sandersshire,MP,2025-07-14
120,DANIEL DIAZ,,West Ryan,NM,2024-05-04
121,TROY WEST,,New Karenside,,2024-03-24
122,ALLISON MARTIN,,,NY,2023-01-14
123,IAN LINDSEY,jacob66@example.net,East Joseph,NY,2022-02-16
124,JOSHUA JOHNSON,joseph50@example.net,Perkinsport,MT,2025-03-08
125,  Crystal Johnson,aliciarogers@example.net,Kimberlymouth,WV,2025-08-31
126,DALTON SULLIVAN,,Stanleyville,,2022-06-12
127,ADRIANA HUMPHREY,clopez@example.org,Velasquezfurt,UT,2021-08-03
128,JOSEPH RICE,david84@example.org,Wilsonchester,DC,2024-12-31
129,CHRISTINE GALLAGHER,jennifer25@example.net,South Michelle,NC,2024-09-14
130,BROOKE TORRES,ballardcatherine@example.com,West Sharonchester,DC,2022-12-02
131,JUSTIN VARGAS,beckerjonathan@example.org,Harperland,AZ,invalid_date
132,VALERIE SAUNDERS,kristenmontgomery@example.net,New Jamesport,AS,2024-12-11
133,NICOLE ANDREWS,kevin74@example.org,Brownborough,,2021-12-13
134,REBECCA BURCH,xcobb@example.com,New Jessicaville,AZ,2024-02-24
135,CAROL CRUZ,sduke@example.com,Brownstad,WY,2025-02-02
136,TRACEY HOWARD,taylorjohn@example.org,Lake Wayneshire,NY,2023-09-09
137,DANIELLE POTTER,aliciaboyle@example.com,Port Robert,PW,2024-08-12
138,ERIC HAHN,mirandamason@example.org,Lucasborough,KS,2025-11-02
139,BRANDI SHAW,,East Shannonfort,WV,2024-01-01
140,SUSAN GOODWIN,phughes@example.org,Westchester,KS,2023-02-16
141,GAIL KING,glennallen@example.net,West Sheilamouth,NH,2024-07-24
142,ROBIN FRANKLIN,hollowayaustin@example.net,Christyton,PR,2021-11-07
143,  Janet Swanson,turnerbrittany@example.org,Michelebury,WA,2025-01-14
144,CONNIE WALSH,anitahernandez@example.org,Amandashire,WA,2024-03-04
145,LINDA WHITAKER,lewisjennifer@example.org,Sarahfurt,CA,2024-07-06
146,JOSEPH ARROYO,beckjoseph@example.org,Tinaland,FL,2024-06-15
147,MR. JAMES CLARKE,rickywoodward@example.com,North Danielle,NY,2025-05-28
148,  Robert Chan,tdodson@example.org,,,2024-08-29
149,GREGORY WILSON,kariwelch@example.org,,ME,2021-10-26
150,DYLAN HARRIS,wwebster@example.org,Louischester,,2022-07-06
151,DONNA ALVAREZ,ibanks@example.org,Lake Shawn,,2025-07-28
152,JACOB DAVIS,,Priscillafurt,NV,2024-07-31
153,JEANETTE OLSON,josephjacobs@example.net,East Nancyton,IA,2022-02-18
154,JENNIFER SAWYER,joshuaadkins@example.org,,NC,2024-02-29
155,CHRISTINE YOUNG,burnsbeth@example.org,Sanderston,VT,2025-01-07
156,DR. HEATHER WHITE,dwright@example.org,New Pamela,AK,2023-07-26
157,CATHERINE CAMPBELL,,Lake Pamelashire,MP,2024-06-29
158,CURTIS KENT,daviseugene@example.net,Jensenshire,OR,2021-05-19
159,CHRISTINA BRYANT,melissaturner@example.net,Lake Jennafort,MD,2024-02-19
160,JAMES POPE,cholt@example.net,Hectormouth,WI,2022-07-31
161,BRITTANY MARTIN,,Lake Lindseyberg,IN,2021-10-25
162,LINDA ANDERSON,lclay@example.org,,TN,2022-09-22
163,APRIL CAMPBELL,roberta51@example.com,Joshuaview,NY,2024-12-31
164,JESSICA COOK,qchristian@example.com,South Kurtburgh,IA,2023-07-13
165,HEATHER REID,monica36@example.org,East Kelly,,2025-02-03
166,STEPHANIE BENTLEY,geoffrey52@example.com,,NH,2025-03-15
167,LACEY DAY,awilliams@example.org,Williamsville,KS,2023-01-25
168,CHAD MITCHELL,fullerbarbara@example.com,South Elizabeth,HI,2022-06-13
169,AMY HOFFMAN,hollyali@example.org,Travistown,ND,2024-09-15
170,MATTHEW HAYES,kevinryan@example.net,West Tanya,WA,2021-10-07
171,SCOTT AYALA,pateldarrell@example.com,Churchmouth,NJ,2022-01-15
172,KEVIN WALSH,christinamcclain@example.org,Perezchester,MI,2022-06-24
173,STACEY VILLANUEVA,hthomas@example.net,Hoffmanport,KY,2022-04-22
174,DONNA MCCARTHY,williamnichols@example.org,Mccalltown,AZ,2022-02-07
175,BRANDON RYAN,jeremywoodard@example.org,Briggsside,AS,2024-06-19
176,  Laura Jensen,varnold@example.org,South Chelsea,DE,2024-08-26
177,SHERRI SMITH,yharris@example.net,Anthonychester,PA,2022-09-16
178,  Timothy Wilson,hurleydavid@example.org,Port Ronaldmouth,VA,2025-12-14
179,DR. MICHELLE WYATT,mreyes@example.com,North Jeffrey,VT,2023-07-01
180,  James Holt,manuelnguyen@example.net,West Robertfurt,MN,2022-09-07
181,JORDAN PORTER,jessica26@example.net,,VA,2025-04-30
182,ALEXIS SANDERS,alexanderdanielle@example.com,West Lauraborough,,2025-06-22
183,TIFFANY CRAWFORD,thomas16@example.net,Amandafurt,,2022-05-25
184,JEFFREY ANDERSON,ythomas@example.com,Lake Chadmouth,TN,invalid_date
185,MICHAEL JOHNSON,virginiascott@example.com,Desireeborough,,2024-05-18
186,MR. FRANK OWENS,elizabethcarpenter@example.org,North Bryanshire,NV,invalid_date
187,JOSEPH PRICE,zpierce@example.net,New Thomas,MI,2024-12-24
188,MR. MELVIN PEREZ DVM,uking@example.com,Wongland,MA,2025-08-02
189,LESLIE PARK,iwalker@example.org,South Mariemouth,WV,2024-01-16
190,SARA BROWN,peter52@example.net,Port Joseph,MO,2021-12-10
191,MICHELE RODRIGUEZ,mcdonaldtanner@example.org,Port Dylan,GA,2024-04-26
192,CYNTHIA GREEN,ypatterson@example.org,Lake Jasmine,OK,2024-11-25
193,  Roy Robinson,jonesjames@example.net,Anthonyville,SD,2022-04-15
194,BRENDA PHILLIPS,wstevens@example.org,New Evan,CA,2024-12-02
195,YVONNE SMITH,rbailey@example.net,West Patricia,ME,2023-01-19
196,MARVIN BLACKBURN,patelbruce@example.com,Elizabethbury,UT,invalid_date
197,TIMOTHY WADE,phillipsrachael@example.com,,IN,2024-02-02
198,LISA MACK,,,MS,invalid_date
199,JANICE WHITE,sarahyoung@example.org,West Francesfort,CO,invalid_date
200,EDWARD VALDEZ,dana76@example.org,Lake Gregory,PR,2021-09-17
201,ALEXANDER RODRIGUEZ,karensimmons@example.net,Bradleymouth,NE,2023-07-22
16,STEVEN BEST,xsalazar@example.org,,,2022-05-07
203,  Richard Johnson,misty92@example.net,,OK,2024-12-11
204,  Tammy Tran,nancyprince@example.net,Jessicashire,KS,2023-02-12
205,NATHANIEL WILLIAMS,michaellogan@example.org,West John,TX,2024-12-24
206,BRIAN ADAMS,daniellegates@example.org,Shannontown,MT,2025-08-30
207,JUAN FISHER,matthewsutton@example.net,Sandersstad,,2024-11-18
208,  Jeffrey Rhodes,paulcollins@example.com,Patricktown,ID,2024-02-05
209,DAVID KIM,sandra44@example.com,Jacobbury,VA,2025-05-04
210,REBECCA GATES,drewhouston@example.net,Craigtown,MN,2026-01-17
211,SHAWN GONZALEZ,janice38@example.com,Port Andrew,AZ,2025-04-04
212,BRIAN SHEPARD,brownrita@example.com,Charlenebury,RI,2023-05-26
213,DENISE VILLA,vmccarty@example.net,New Loritown,LA,2025-12-15
214,WANDA FREEMAN,andresperez@example.com,Christopherborough,OH,2021-08-31
215,ELIZABETH RYAN,dorisrowe@example.org,Carrton,ID,2025-06-26
216,ASHLEY GONZALEZ,nathanielbonilla@example.net,Lake Antonio,TN,2024-07-08
217,  Raymond Prince,maryreid@example.org,,DE,2022-08-30
218,  Matthew Knight,hlee@example.net,Lake Tyler,IL,2024-12-21
219,REBEKAH HERMAN,michellemeadows@example.com,South Ryanfort,ND,2024-03-15
220,  Nancy Adams,pottsdouglas@example.com,Barberburgh,UT,2025-01-23
221,CHARLES CAMPBELL,parkerodom@example.org,Rowlandview,AR,2025-01-17
222,JEANNE ANDERSON,michelle82@example.com,Brownmouth,WY,2024-09-14
223,SHANNON MILLER,dduncan@example.com,Lake Johnnyburgh,NV,2022-06-04
224,SHAWN BROWN,alantucker@example.com,Lewisside,,2022-05-28
225,AMY SMITH,jaredclay@example.com,Brianside,OH,2023-05-25
226,STEPHANIE PROCTOR,zmartin@example.com,New Autumn,WV,2022-10-22
227,ANTHONY LANG,destinyjones@example.net,New Dawn,HI,2022-09-05
228,TYLER MERCADO,jharvey@example.net,,TN,2023-07-05
229,CATHERINE JORDAN,larry04@example.org,,CO,2025-06-03
230,MICHELLE NEAL,wblackburn@example.org,West Ashleyside,TN,invalid_date
231,BRENT BROWN,ehill@example.net,North Jeremyton,FM,2021-10-18
232,ELIZABETH RODRIGUEZ,,Matthewsmouth,,2021-08-11
233,JUSTIN MORRIS,jessicaterry@example.net,East Josephshire,KY,2022-03-30
234,BENJAMIN HOLLOWAY,steelejames@example.com,Sarahside,NM,2024-07-20
235,KIMBERLY JACKSON,michaelgarcia@example.org,,MO,2023-12-08
236,STEVEN FERGUSON,douglas15@example.com,Walterborough,AL,2022-05-06
237,ROGER QUINN,cody48@example.org,New Danielle,NE,invalid_date
238,FRANK WASHINGTON,,Millerhaven,MA,2021-06-24
239,  Stephanie Curtis,michael93@example.com,Lake Andrewstad,NC,2023-04-28
240,ERICA ALLEN,brownmelinda@example.com,Sydneyhaven,ID,2023-01-26
241,TIMOTHY BAILEY,briankey@example.org,East Bryan,,2023-09-24
242,JESSICA ROMERO,mathew39@example.com,Howardtown,AK,2024-12-09
243,DIANE MOORE,nathan28@example.com,,GA,2023-10-23
244,CHAD GONZALEZ,lwalker@example.net,Alyssaberg,OR,2023-02-21
245,ERIC LOVE,stephensdaniel@example.com,Campbellfurt,,2021-05-17
246,PATRICIA NICHOLS,stewartamy@example.net,West Kathleenfurt,CO,2021-06-10
247,BRIAN WEBSTER,jennifergardner@example.com,West Alanmouth,DE,2026-01-22
248,KELLY HANSEN,ybrooks@example.org,New Anita,MI,2024-11-28
249,ANDREA SCHULTZ,sheena42@example.org,Ericchester,SD,2023-04-21
250,ELIZABETH WILLIAMS,bryanpatricia@example.com,Jasonfort,FM,2021-12-18
251,BRANDON HOLDEN,josephcruz@example.net,,PW,2025-05-02
252,  Rodney Rodriguez,jamesgloria@example.com,,CO,2025-12-22
253,SUSAN JONES,james33@example.org,Christophershire,DE,2025-07-13
254,WILLIAM TAYLOR,tshelton@example.org,Lake Cynthia,PW,2024-11-09
255,ISAIAH GIBSON,codynguyen@example.com,Erinmouth,OK,2025-01-25
256,LISA THOMPSON,thomaselizabeth@example.net,North Vickie,NH,2025-08-16
257,AUTUMN MORRIS,wbrown@example.com,Richardsonside,,2021-04-12
258,ANDREW WHITE,evansdanielle@example.org,North Aliciamouth,AZ,2023-11-07
259,CHAD CLARK PHD,qdavis@example.com,Lake Kathleen,MD,2022-09-11
260,BARBARA DAVIS,gracestrong@example.net,Campbellberg,,invalid_date
261,DANIEL BALL,mitchelljennifer@example.com,Port Richard,PW,2025-04-28
262,ASHLEY DEAN,james56@example.org,East Josebury,MT,2025-04-10
263,JANET THOMPSON,unguyen@example.org,Campbellport,PR,2023-06-21
264,MARK CHANDLER,ashleyodonnell@example.net,East Charles,NM,2023-03-01
265,GINA WEST,sarahdodson@example.org,Lake Laura,,invalid_date
266,TAYLOR BAXTER,amarshall@example.com,West Patricia,SC,2023-05-25
267,STEPHANIE WEAVER,briana26@example.com,Wilsonfort,,2021-04-03
268,CORY WILLIAMS,michael15@example.net,Bellburgh,AS,invalid_date
269,MATTHEW WARD,hmoore@example.org,East Daveshire,NJ,2021-05-25
270,JON BAKER,kweiss@example.org,Jesusshire,CT,2024-06-05
271,CHAD DAY,teresa11@example.net,Hernandezville,OH,2021-11-02
272,DANIEL MCDANIEL,qhodge@example.org,Lake Danielle,NY,2024-09-28
273,EMILY LAMBERT,rachel98@example.net,,LA,2021-12-17
274,MARIA GOMEZ,cmyers@example.com,North Davidmouth,,2025-01-29
275,STEVEN ROMERO,daviskevin@example.net,South Wendyville,,2025-06-20
276,RICHARD LEE,riggsamy@example.net,South Hollyville,NV,2022-09-07
277,KIARA MORRISON,zwilliams@example.net,Doylechester,,2022-10-28
278,PATRICK MURPHY,thomas45@example.org,Jasonview,NE,2022-08-25
279,AMBER FOSTER,ppierce@example.org,Sarahview,DC,2025-04-01
280,DIANE WARREN,vernonrogers@example.org,Port Gary,ND,2023-05-25
281,AMY BARNES,nmccormick@example.net,South Danielfort,ND,2023-05-03
282,MOLLY ROBINSON,shaneterrell@example.com,Port Tracy,ME,2024-08-21
283,BRANDI HOBBS,kyle13@example.com,Lake Brian,CT,2022-08-06
284,HAROLD PHILLIPS,gregory96@example.com,,CO,2024-12-02
285,  Tyler Santos,aclark@example.net,North James,KS,2022-01-09
286,KENNETH WHEELER,,North Jose,VA,2025-04-17
287,MICHELLE WILKINSON,reedjuan@example.com,West Calvin,OH,2024-12-07
288,AMANDA PRUITT,ofox@example.com,North Jacobborough,,2024-07-10
289,SUSAN CAMPBELL,youngbrittany@example.com,Martinport,MH,2023-11-20
290,JESSICA SINGH,ublair@example.org,Kingside,KY,2023-07-29
291,MARTHA GENTRY,ktravis@example.com,North Laura,,invalid_date
292,MITCHELL LARSON DDS,,Lake Brian,,2024-07-29
293,MADISON LEWIS,johnlewis@example.net,Johnton,NC,2022-09-01
294,DAN RODRIGUEZ,urobertson@example.net,Williamborough,ND,2024-05-23
295,LAUREN LOPEZ,parrishkevin@example.org,New Michael,KS,2025-01-28
296,SCOTT WARREN,,,AL,2024-03-06
297,MARK GRIMES,justinkramer@example.com,Lake Brittanyport,MN,2025-02-08
298,CHRISTINE MITCHELL,matthewwilson@example.com,Wrightside,CO,2025-11-04
299,OLIVIA FULLER,leejason@example.net,West Sarahstad,,2025-11-06
300,SHERRY MILLER,kmanning@example.com,Port Erin,RI,2021-04-09
301,KEVIN JACKSON,christopher77@example.net,New Andrewton,,2021-02-13
302,STEPHANIE MOORE,,South Rebeccaburgh,,2025-03-08
303,JOHN HUDSON,rogerscatherine@example.org,,MD,2022-05-02
304,JESSE BRADFORD,marshallbenjamin@example.com,Kathleenmouth,ID,2024-09-07
305,DAVID ROSE,,Anthonyside,NY,2021-09-20
306,DONALD SANCHEZ,rjones@example.com,Deborahport,AR,2024-03-21
307,RUTH BARNES,pward@example.org,Bradshawshire,HI,2022-05-23
308,  Joshua Vargas,jill93@example.org,Port Derekfurt,AS,2025-04-25
309,DAVID BELL,,Taylorton,PW,2022-09-18
310,WESLEY BAKER,jarvisroberto@example.net,,VA,2023-02-28
311,KELLY HESS,,West Nicholas,AK,2022-11-30
312,MELISSA GONZALEZ,tadams@example.com,Brewershire,TN,2024-06-01
313,THOMAS HOLMES,shaunreid@example.org,Bruceside,VT,2021-11-14
314,ERIC HICKS,beth17@example.org,Port Luisside,ME,2025-10-11
315,STEPHANIE LEWIS,whansen@example.org,New Frederickberg,CT,2025-06-26
316,  Michael Shaffer,katie94@example.org,Hawkinsshire,VI,2024-05-08
317,JOSE GOODMAN,esmith@example.net,North Ryanborough,DC,2023-03-29
318,  Shawn Dougherty,stanleyhernandez@example.com,New Richardstad,PR,invalid_date
319,DAVID HAMMOND,daniel79@example.com,,,2021-07-01
320,JESSICA EDWARDS,twilkins@example.net,,PR,2023-01-10
321,STEVEN BURNS,,Hunttown,MA,2021-03-23
322,CHRISTOPHER OLSON,,East Nicoleview,FL,2022-03-28
323,RONNIE CABRERA,davisemily@example.com,Smithfurt,AL,2022-11-11
324,JEFFERY PETERSON,tammie64@example.net,Port Joyce,KY,2022-09-10
325,ERICA ESTRADA,fischerjessica@example.com,,PA,2023-07-27
326,SUZANNE COPELAND,harperbeverly@example.com,New Kennethmouth,MN,2022-01-03
327,JESSICA MURRAY,nkoch@example.com,Nelsonhaven,MN,2022-03-21
328,RUBEN YOUNG,johnsonmario@example.com,New Markmouth,ND,2023-05-23
329,JEFFREY JOHNSON,denise97@example.org,Port Brian,ID,2022-11-13
330,KIMBERLY FREEMAN,billallen@example.com,New Judith,MN,2023-04-16
331,ADAM SILVA,cheryl92@example.com,South Jessica,,2022-02-16
332,MICHELLE BAKER,sylvia67@example.net,Natalieside,DE,2021-08-28
333,BRUCE SMITH,,Maryshire,,2025-06-14
334,JODI LUTZ,nicole46@example.com,North William,,2021-02-05
335,  Kayla Powell,william27@example.com,Marciachester,KS,2024-03-23
336,DARRYL RODRIGUEZ,joshuagarcia@example.org,West Johnland,WI,2025-03-17
337,NICHOLAS ORTIZ,michelleboyd@example.org,New Jeffreytown,AS,2023-06-28
338,HEATHER HOUSTON,crystalcollins@example.org,Harrismouth,,2025-02-10
339,PATRICIA BROWN,santosteresa@example.net,East Yvonne,KY,2024-08-07
340,LISA JONES,adam41@example.org,Davidfurt,AS,2025-11-29
341,ALICIA FRANK,fwright@example.com,Monicaberg,,2021-03-18
342,KEVIN WILSON,brenda79@example.net,Campbellport,MS,2021-02-20
343,TINA BALLARD,cabrerakelsey@example.com,North Elizabeth,ND,2023-12-25
344,BRIAN WOLF,logan80@example.org,Woodsside,IL,invalid_date
345,RONALD SWEENEY,yballard@example.net,South Derekside,ND,invalid_date
346,HEATHER COFFEY,anthony39@example.com,Lake William,KY,2024-06-01
347,LISA MANNING,uwright@example.com,Jeffreyfort,FL,invalid_date
348,ALEXANDER DAWSON,webbmary@example.net,Lake Davidview,MS,2023-03-11
349,ROBERT MCLEAN,davidmclean@example.com,Danahaven,AZ,2025-07-29
350,BRIANNA JARVIS,rhondataylor@example.net,Goodwinview,TX,2023-02-09
351,JEREMIAH SMITH,wcampbell@example.com,West Allenside,,2021-03-25
352,GORDON GOODMAN,,West John,VA,2025-07-08
353,SCOTT WELCH,phillipsteele@example.org,West Joseph,OK,2021-04-01
354,MEGAN HICKS,igarcia@example.org,New Rhonda,AS,2023-03-24
355,JOY MCKINNEY,michaelwilliams@example.org,Port Jeromefort,NV,2023-06-11
356,STEPHEN SMITH,mark71@example.net,Ashleyview,GA,2023-02-02
357,KAREN EDWARDS,xodom@example.org,Mitchellmouth,NM,2022-06-24
358,CYNTHIA HERNANDEZ,,Port James,,2021-12-24
359,ERIC WILLIAMS,cliffordmorrow@example.net,,AR,2021-10-22
360,ELIZABETH MILLER,mason32@example.net,Kellybury,UT,2023-05-09
361,SHANE RICE,kimberlypowers@example.org,New Rebecca,NC,2025-10-15
362,JOSE WILLIAMS,vrobinson@example.org,Port Tina,TN,2021-10-13
363,JACOB CUNNINGHAM,bmckinney@example.org,Barbarastad,ME,2025-09-16
364,TOMMY HOLT,larsonkenneth@example.org,Rogersview,WY,2021-10-06
365,DANIEL COOPER,sarah66@example.com,Port Connorland,SD,2022-10-21
366,JESSICA SALINAS,zjohnson@example.com,South Jenniferburgh,VA,2025-06-13
367,BRIAN YOUNG,josephbrooks@example.org,Castanedastad,HI,2021-11-11
368,KYLE RAMIREZ,rubenkennedy@example.com,Lake Elizabeth,OH,2024-03-29
369,MATTHEW DAVIS,jason24@example.org,,PA,2025-01-06
370,  Susan Reed,monica30@example.com,Jessicahaven,NM,2025-11-15
371,  Brianna Warren,bradwilliams@example.net,Hollowayhaven,OK,2024-11-24
372,  Lisa Avila,rossstanley@example.net,Andersonview,ID,2026-01-07
373,KYLE JONES,jasminbutler@example.com,Moraleshaven,OH,2021-02-21
374,JOSHUA HARDIN,miguelperez@example.com,Robersontown,WI,2022-11-02
375,JAVIER FERGUSON,shirleymarks@example.org,East Kevin,NC,2024-12-20
376,KATHRYN RAMIREZ,mturner@example.com,,MI,2025-12-22
377,  Ana Wilkerson,,Stephaniestad,MO,2022-12-21
378,NICOLE LAWSON,brandonhendrix@example.org,Aprilmouth,,2021-07-18
379,ASHLEY BOWEN,,Susanside,,invalid_date
380,ELIZABETH LYONS,newmanmicheal@example.com,New Matthew,NH,2023-04-16
381,ALEXIS HARRISON,abigailtorres@example.net,Matthewsmouth,NH,2023-06-08
382,DOUGLAS PALMER,,Lake Lynn,PR,2022-01-30
383,JONATHAN WILLIAMS,lkelly@example.com,,CO,2024-06-23
384,MITCHELL KING,owallace@example.org,North Lori,WI,2025-06-02
385,CHRISTOPHER WRIGHT,jeremy17@example.org,Ritabury,WY,2022-12-07
386,CRYSTAL HESS,ntaylor@example.net,Scottstad,MO,2024-07-12
387,JOHN SALINAS,melissa40@example.org,Robertville,MI,2025-01-27
388,PHILIP BRADSHAW,erichenry@example.org,Port Brettland,SC,2022-09-24
389,SEAN MARTIN,laurenoconnor@example.org,West Ericahaven,MD,2025-10-27
390,DAVID SCOTT,ycampos@example.org,Port Michelle,CT,2025-05-20
391,KAREN ARNOLD,robin17@example.org,,VI,2024-07-07
392,AMANDA WRIGHT MD,eringreen@example.com,New Luis,,2025-10-13
393,JOHN DEAN,irogers@example.com,Port Katherine,UT,2022-05-31
394,SHERRI VARGAS,gamblesherri@example.net,Kentburgh,GU,2023-10-20
395,JOHN MCCLAIN,dawn77@example.org,Maloneborough,,2025-04-28
396,CHRIS DRAKE,vasquezalicia@example.com,Scottfort,DE,2024-07-29
397,JULIE KELLY,,South Haleyborough,ID,2021-04-28
398,  Karl Flores,,Amandaburgh,VA,2021-06-08
399,EDWARD RODRIGUEZ,mariedeleon@example.net,Allisonton,NC,2021-10-31
400,KAREN PATRICK,hodgescatherine@example.com,West Reginatown,PW,2025-12-19
401,MADISON TURNER,kevinwright@example.org,South Robertbury,LA,2021-02-05
402,MR. JOHN ANDERSON DDS,brian46@example.com,Ayersfort,SC,2025-10-26
403,CHRISTOPHER KING,,Lake Jennifer,,2025-10-23
404,GRACE BASS,phyllis47@example.net,Rodriguezfurt,MA,invalid_date
405,RENEE JOHNSON,garciaerik@example.com,North Robertfort,NE,2022-11-12
406,JAMES DUNN,mholmes@example.net,South Theresabury,PA,2024-05-20
407,JAMES PAYNE,teresa15@example.com,New Sarahbury,VI,2025-11-11
408,CLAUDIA GRAHAM,matthew55@example.net,New Carolynberg,,invalid_date
409,STEPHANIE MOORE,wesleyhernandez@example.net,Moodyport,MT,2021-04-23
410,  Fred Myers,msalinas@example.com,Smithbury,SC,2023-10-27
16,STEVEN CASTANEDA,freemanchristina@example.com,Gordonbury,WI,2023-08-04
412,KEVIN MILLER,kimberlycantu@example.net,Lawrencemouth,HI,2025-12-18
413,JO WILLIAMS,rileyphillip@example.com,Lake Anthonyborough,IA,2022-01-29
414,  Edward Mcdonald,christopher72@example.org,Billyside,KS,2021-03-02
415,TIMOTHY RICHARDSON,kellierodriguez@example.com,North Chad,RI,2022-06-29
416,LISA ANDRADE,amber71@example.org,Ashleyport,NV,2025-06-29
417,AMANDA MURRAY,mrose@example.net,Walterfort,NV,2024-09-01
418,DANNY SIMON,kolson@example.com,East Anneburgh,NC,2024-07-10
419,DANIEL YOUNG,ann01@example.org,,LA,2024-09-15
420,ANGEL SMITH,melaniemarquez@example.net,New Abigail,MT,2021-03-13
421,DAVID EVANS,,Joshuamouth,NH,2024-09-18
422,TROY MURPHY,patrick65@example.org,Kelseyport,VA,2025-12-15
423,WILLIE MCGUIRE,qmeyer@example.org,New Jonathanside,PA,2024-02-17
424,CHARLES ALEXANDER,lori24@example.org,North Brittany,WY,2021-06-03
425,  Judy Howell,,Thompsonbury,VI,2025-12-10
426,ADAM KING,vterry@example.net,New Rickbury,GU,2021-10-10
427,EILEEN WILLIAMS,bellkaren@example.org,East Peterstad,OH,2022-05-12
428,AARON KENNEDY,,,TX,2023-10-06
429,BELINDA JOHNSON,karenflores@example.com,Lake Jasmine,ME,2022-01-14
430,KARINA LOPEZ,williamduncan@example.org,Williamfurt,FM,2022-02-16
431,BRITTANY TAYLOR,regina43@example.com,Justinhaven,PA,2023-02-14
432,MARIA FROST,jamescasey@example.net,Port Cynthiastad,NH,2025-08-27
433,CYNTHIA BARTON,,Hubbardmouth,,2025-12-23
434,DEREK MOORE,scollins@example.com,Mayerville,KY,2025-05-30
435,  Amanda Cook,sharpmichael@example.com,Sanchezborough,IN,2024-05-08
436,CATHY ALEXANDER MD,suttonjanice@example.org,West Nathan,MD,2021-04-10
437,ERIC STEWART,tracithompson@example.net,Lake Brittneyberg,MP,2021-10-13
438,RICHARD DAVIS,larsonrebecca@example.net,South David,CT,2022-11-19
439,PHILLIP JACKSON,darrellle@example.org,North Christopher,WY,2021-10-09
440,  Kristen Johnson,walkercynthia@example.net,Johnmouth,AR,2025-07-06
441,ASHLEY HOWARD,,Larryside,DC,2024-06-20
442,VALERIE STANLEY,michaelthomas@example.org,North Stacy,NC,2025-04-16
443,JENNIFER OSBORN,cpatel@example.com,Kimbury,,2023-05-13
444,DONALD BREWER,joshua69@example.org,,SC,2025-03-09
445,  Ariel Ruiz,harttara@example.net,Fernandezborough,NH,2023-06-29
446,MOLLY GRAHAM,,South David,VA,2023-11-09
447,ERIC RICHARDS,jared50@example.com,Jamesfurt,,2025-02-20
448,  Patrick Johnson,david85@example.net,Matthewfurt,NJ,invalid_date
449,THOMAS MIRANDA,gonzalesalyssa@example.com,Bryanburgh,OH,2025-08-19
450,ALEXANDER FROST,teresaolson@example.com,Fisherburgh,SD,2021-08-05
451,  Deborah Brooks,suttonchristine@example.org,Port Nathaniel,MN,2024-03-18
452,  Diane Moreno,deannachung@example.org,Bakerview,OK,2024-04-03
453,TONY CORTEZ,walkerrachael@example.com,North Brett,MH,2023-01-19
454,SHEILA WONG,francisco07@example.org,,KS,2022-01-28
455,JUSTIN WELLS,idavis@example.org,Stephensburgh,MI,2022-04-12
456,GUY CALDERON JR.,adamgallagher@example.com,Eatonfurt,ND,2022-01-25
37,MARIE PARK,,Port Kellymouth,AZ,2023-12-23
458,MICHELLE BARRETT,unichols@example.com,,,2024-02-16
459,KRISTA ANDERSON,charles32@example.com,Rhondaview,NE,2022-08-04
460,JESUS CRAWFORD,brandy27@example.org,Lisafurt,WY,2022-02-17
461,NATALIE CARTER,pmorton@example.com,Ianton,,2024-02-22
462,SHEILA CHRISTENSEN,glassleah@example.com,Martinezmouth,NC,2021-11-24
463,CHRISTOPHER GARCIA II,zparks@example.net,North Susanstad,NH,2022-08-27
464,JAMES SILVA,joneselizabeth@example.net,Port Ryanburgh,OR,2025-03-23
465,ERIC MATA,wilsonnancy@example.com,New Thomashaven,AS,2025-12-06
466,CYNTHIA PETERSON,burkebrian@example.net,Aarontown,PA,2022-01-28
467,JEFFREY PARKER,mccoyjennifer@example.net,,KY,invalid_date
468,MRS. MEGAN RODRIGUEZ DDS,stacyellis@example.net,Lake Kristinmouth,KY,2022-08-27
469,JOSHUA JOHNSON,robertsnicholas@example.net,,UT,2024-12-19
470,LEAH FULLER,zfreeman@example.org,Dakotahaven,ME,2025-04-10
471,  Andrew Harris,shepherdchristina@example.com,Trujillobury,PA,2025-08-10
472,PATRICK TORRES,crystal14@example.org,West Elizabeth,VT,2021-11-02
473,RICHARD JONES,lucas31@example.com,South Rhonda,RI,2024-09-20
6,SHARON MACK,jbrown@example.org,Amyberg,GA,2025-02-12
475,  Maria Hart,martinjesse@example.com,,TN,2022-11-22
476,RONNIE MACK,mariebuck@example.com,South Ginaland,,invalid_date
477,BRIANNA DURHAM,georgebrown@example.com,New Justin,WY,2021-09-11
478,  Dean Anderson,robertrivers@example.org,Millschester,MI,2025-07-26
479,BETTY GARNER,ryanthompson@example.net,Leslieton,MD,2021-10-23
480,SALLY KELLY,hwilliams@example.com,Harrisville,VT,2021-03-29
481,TREVOR HOLLOWAY,jklein@example.com,Lake David,ND,2025-09-04
482,SEAN SMITH,stacyjones@example.net,Lake Stephanie,OK,2022-02-24
483,  Karen Meyer,crystal16@example.net,Fullerland,NV,2022-10-15
484,JACQUELINE BECK,barronchristopher@example.org,,GA,2022-05-18
485,MELISSA BURGESS,,Gillfort,NC,2021-09-07
486,ERIKA OBRIEN,,Jenningsside,AR,2024-02-17
487,JOHN SHAW,jason60@example.com,South Ashley,CO,2021-02-27
488,LYNN HARDY,mreynolds@example.com,Allenbury,NM,2024-05-27
489,SARAH MUELLER,baldwindavid@example.net,East Jason,AZ,2025-09-30
490,JAMES TANNER,rgregory@example.com,Mckeeville,VT,2022-11-16
491,CHRISTY HUERTA,,South Brittany,IA,2024-07-13
492,JAMES LEE,tannerandrea@example.org,East Kevin,IA,2024-12-31
493,CHRISTINE JENKINS,summerssharon@example.org,Mullinsmouth,AL,2022-10-20
494,KATHLEEN SPENCER,danielsjoshua@example.net,New Alexander,LA,2021-06-20
495,  Kathleen Pham,kanemarie@example.com,East Chadstad,CT,2026-01-19
496,CHRISTINA QUINN,munozraymond@example.net,Thomasmouth,MD,2021-09-02
497,ROBERT MANN,cindyallen@example.net,West Danielchester,WA,2024-06-21
498,  Donald Medina,,,OK,2021-02-11
499,JENNIFER MILLER,fmason@example.org,Port Janice,PR,2024-03-09
500,MARY COLE,geraldburton@example.com,Ashleyfurt,SC,2024-10-11
501,ANDREA FLOWERS,tommy87@example.net,Triciachester,WV,2022-01-01
502,MICHAEL JOHNSON,clarklisa@example.net,,TX,2025-04-26
503,NICHOLAS SMITH,phart@example.net,Shieldsbury,HI,2023-08-02
504,MICHAEL WATSON,kpruitt@example.com,Port Chelsea,WV,2023-10-21
505,  Kelly Walton,lmarshall@example.org,Calebmouth,,2024-09-23
506,CODY MAYER,asalazar@example.org,,DC,2021-10-08
507,KYLIE WOODS,qgordon@example.org,Youngstad,AR,2021-07-11
508,DEBBIE GARCIA,joannehenderson@example.com,,DC,2021-04-23
509,RUSSELL SANDERS,michelle15@example.net,East Christine,TX,2023-01-13
510,DEBBIE GRAHAM,austinramos@example.net,Port Anthonymouth,MH,2021-09-28
511,CAROL MOSS,gpalmer@example.com,South Heather,FM,2021-09-21
512,CURTIS SIMON,rbenton@example.org,North Erichaven,WV,2023-05-17
513,  Lindsey Mason,briansanchez@example.org,Fordmouth,,2024-10-23
514,JOSEPH WEAVER,charles12@example.org,North Amber,FL,2022-06-30
515,STEPHANIE JACKSON,kbailey@example.com,Juliestad,DE,2025-04-10
516,MARY SELLERS,jonathan48@example.com,New Josephview,GA,2021-06-16
517,MEGAN JACOBS,zmitchell@example.com,Millerton,NE,2021-12-03
518,WANDA MARTINEZ,,East Stephanie,AK,2022-03-30
519,YVONNE MCDANIEL,angelvalenzuela@example.net,,NH,2023-08-08
520,STACY RUBIO,,Josephstad,ID,2024-01-14
521,JULIE WILLIAMS,amberdavis@example.com,West Ronaldchester,MA,2021-05-09
522,KENNETH GOMEZ,twatts@example.org,Edwardside,OK,2025-11-03
523,MICHAEL PARSONS,huntjoanna@example.com,Cynthiaside,FM,2023-03-25
524,ANGEL HARRISON,qford@example.com,South Terrymouth,KY,2023-04-07
525,JOHN BENNETT,michaelgarcia@example.net,North Mandyport,NY,invalid_date
526,ANDREW RODRIGUEZ,hallnancy@example.org,Carlosmouth,AS,2025-05-15
527,MIRANDA REYNOLDS,lisareid@example.net,,RI,2022-10-05
528,KAITLYN GREEN,yspears@example.com,Deniseport,OK,2022-05-25
529,RAYMOND CARROLL,matthew96@example.net,Port Regina,UT,2024-07-10
530,JULIE WATERS,elogan@example.net,West Brandonport,FM,2022-10-12
531,LUIS WHITE,angelayoung@example.org,,NE,2022-09-24
532,  Todd Wilkins,samantha80@example.org,Port Jill,VI,2021-07-10
533,JULIE GRAHAM,robertspamela@example.net,South Matthew,NE,2025-12-13
534,DREW MARTINEZ,harrisnoah@example.com,,ND,2025-11-02
535,ANTHONY SIMPSON,ramirezmichelle@example.org,South Stevenville,,2021-03-09
536,DAVID DAVIES,susan13@example.net,,MH,2021-06-07
537,BETH RITTER,delgadojoseph@example.com,New Johnburgh,OR,2024-01-20
538,CHRISTOPHER BARBER,cookkathryn@example.com,Lake Jacktown,PR,invalid_date
539,  Robert Ingram,nicholasdean@example.net,,CO,2021-08-28
540,ROBIN STEVENS,kelseyparks@example.net,East Johnshire,,2021-03-05
541,MICHAEL GOMEZ,sfrank@example.org,Lake Christophermouth,PA,2021-11-20
38,TYRONE GRANT,kenneth95@example.org,South Brandiburgh,IA,2023-10-23
543,MOLLY MANN,hudsonchristine@example.org,South Laurastad,AS,2024-10-08
544,SAMUEL GARCIA,moniquejacobs@example.org,Edwardtown,KS,2021-06-28
545,KIM LUCAS,,Cabrerashire,OK,2024-12-15
546,ELIZABETH WILKINS,alexis35@example.net,Grosshaven,PA,2023-01-22
547,DAKOTA STEPHENS,egreen@example.org,West Michael,LA,2024-04-23
548,JOHN KING,kwilliams@example.com,Hernandezbury,AL,2023-03-08
549,TANYA MENDOZA,brian66@example.net,South Lindahaven,MH,2024-11-20
550,LOGAN MASON,charlesmedina@example.org,Dominguezshire,MN,2021-05-15
551,HALEY JACKSON MD,daniel74@example.org,South Danny,OK,invalid_date
552,JARED DAVIS,,Roblesmouth,AS,2022-07-03
553,MICHELLE FLETCHER,williameverett@example.com,,WY,2024-05-08
554,DANIELLE MONTOYA,hwilliams@example.org,Williamsshire,MI,2024-12-13
555,  Jose Morris,drew13@example.net,West Corey,MP,2021-07-02
556,MELISSA MASSEY,richard28@example.com,,,2022-03-10
557,JONATHAN CARPENTER,jasonpratt@example.com,Danielston,AS,invalid_date
558,CHERYL SMITH,justinwilliams@example.com,Nathanfort,AL,2024-01-31
559,  Joe Schmidt,johnsonbruce@example.org,West Seth,MS,2021-04-02
560,JUSTIN PARKER II,gomezashley@example.net,North Tracibury,VT,2025-06-07
561,  Troy Scott,antonio18@example.com,,NC,2025-03-09
562,SAMANTHA HAMILTON,tmckinney@example.net,West Danielstad,MA,2022-10-21
563,GINA DUNN,ronald13@example.org,Samanthamouth,MA,2022-04-24
564,ERIC JOHNSON,,West Melissa,FM,2021-12-22
565,ANDREW SANTANA,christina80@example.org,Pricestad,GU,2023-06-21
566,JOSHUA DANIEL,derek65@example.org,Allenfurt,NH,2025-12-19
567,VANESSA FLOWERS,kimberlyward@example.net,Amandaborough,NY,2023-01-15
38,  Christian Erickson,timothy05@example.net,Williamsfort,AR,2022-05-14
569,SCOTT FOX,samuel21@example.com,,MI,2022-03-17
570,WILLIAM STEVENS,terryronald@example.com,Robertsburgh,MS,2024-11-26
571,NICOLE RICHARDSON,alexjohnson@example.org,South Madison,ND,2025-12-27
572,KATIE BARKER,ffernandez@example.net,East Walter,OK,2022-09-07
573,TRACY SPENCER,ucampbell@example.org,South Joshua,CT,2022-12-29
574,MICHAEL SNOW,gamblelaura@example.net,,TN,2021-05-15
575,TODD CHRISTENSEN,lisa69@example.com,Banksfurt,NE,2024-11-28
576,CHARLES WARD,nsmith@example.org,North Ryan,VI,2025-03-23
577,SCOTT MURPHY,harveycory@example.net,Lake Cynthiaberg,ND,2025-04-07
578,CARL CHAPMAN,pbarry@example.com,North Laurafurt,AL,2024-03-19
579,CLINTON CUNNINGHAM,alexriggs@example.net,Fieldschester,OH,2024-06-03
580,RHONDA STARK,justinroberts@example.org,Port Jodifort,MD,2023-11-23
581,PATRICK JEFFERSON,martinezheather@example.org,,SD,2024-02-14
582,MARY WRIGHT,amyedwards@example.net,Lake David,MN,2025-12-07
583,JEFF HOUSTON,nwatson@example.org,North Paul,KY,2021-02-02
584,MATTHEW KING,joseph56@example.com,,VT,2022-02-22
585,HEATHER BUTLER,kristinkelly@example.net,New Marthabury,KS,2024-04-21
586,ANDREW BLAKE,paynediana@example.net,Port Jacobmouth,FM,2023-06-13
587,JESSICA GROSS,williamsjustin@example.com,East Joseph,NM,2024-01-14
588,VANESSA LEE,dsweeney@example.net,Jameston,CO,2025-02-16
589,JENNIFER TERRELL,,North Mark,,2025-11-26
590,ASHLEY WELLS,suzannetaylor@example.org,,NV,2023-04-25
591,NATALIE GARCIA,ricardo99@example.com,Hendersonchester,OH,2023-05-17
592,CHLOE EDWARDS,alexander34@example.net,Lambtown,,2021-03-27
593,JACOB MANN,margaret53@example.org,West Mariahaven,IL,2021-09-04
594,  Richard Guzman,tbonilla@example.org,Shawstad,MO,invalid_date
595,TRACY PERRY,wayne82@example.net,Port Matthewstad,PR,2023-08-19
596,TERRY ROSS,turnerrachel@example.org,North Calebfort,WA,2021-09-22
597,DENNIS DANIELS,igarcia@example.net,Lake Heathermouth,IL,2022-06-14
598,JOSEPH MILES,pdiaz@example.com,New Jody,PR,2021-11-11
599,KEVIN HUDSON,amurray@example.net,South John,WV,2021-05-26
600,JAMIE SIMON,kennedychristy@example.net,Port Alexandra,AK,2023-11-07
601,CHRISTOPHER RODRIGUEZ,suzanne72@example.com,Jenniferside,PR,2023-01-29
602,MELISSA THOMAS,hojennifer@example.com,,PW,invalid_date
603,AMANDA MARTIN,brian95@example.net,Kimberlyberg,NE,2023-04-05
604,MICHELLE CALLAHAN,,Lindseyfort,DC,2024-05-03
605,LINDA CHANG,morganmargaret@example.net,Josephville,MS,2022-04-23
606,JEREMY LEWIS,hortiz@example.com,Loveville,NC,2024-02-22
607,ANTONIO LINDSEY,johnsonjohn@example.org,,ME,2023-06-18
608,BOB OLIVER,thomas82@example.org,Port Sallyburgh,RI,2025-08-06
609,JACOB HERNANDEZ,michelle40@example.net,Randallshire,WV,2022-08-22
610,JOHN KOCH,,Lake Veronicamouth,SC,2023-04-18
611,VALERIE OWENS,tammy36@example.com,Joshuamouth,,2025-10-26
612,JOHN YOUNG,nunezmichael@example.com,North Matthewfurt,AS,2022-02-26
613,LISA MAXWELL,jamie27@example.org,Port Monica,MA,2021-09-11
614,JEFF POTTS,brandonmcfarland@example.com,New Deniseville,MP,2023-05-05
615,DAVID RICE,meyersgloria@example.com,Mossmouth,,2022-08-20
616,ALEXANDRA FISCHER,,Joshuaside,OR,2023-09-03
617,WILLIAM THOMPSON,,East Matthewfurt,MO,2025-09-19
618,MARK STEELE,spencerdaniel@example.com,East Laurenstad,AS,2025-12-24
1,CARRIE VELAZQUEZ MD,qbonilla@example.org,Lynchmouth,CT,2023-03-09
620,BRITTANY SMITH,rmcdaniel@example.org,Williamsmouth,NC,2023-08-17
5,TARA YOUNG,kcooper@example.org,South Stephaniefurt,LA,2022-11-20
622,  Sharon Spears,kdiaz@example.com,,WY,2023-10-20
623,JEFFREY CLARK,matthewsolis@example.org,East Brian,UT,2023-08-08
624,  Becky Roman,andrewcook@example.net,North Lindaburgh,KY,2021-10-27
625,CAROL OCONNOR,wesley23@example.com,Willisview,RI,2021-08-05
626,KYLE WARD,guerrakent@example.com,Susanfort,PW,2022-01-13
627,VICTORIA DURHAM,norman15@example.org,South Peterland,CO,2025-09-28
628,BRUCE JOHNSON,tracygarcia@example.com,New Brooke,IL,2022-08-06
629,KATHLEEN GLOVER,robertestrada@example.org,Lawsonfort,TX,2021-10-16
630,LYNN VAUGHN,ihall@example.net,Hunterhaven,OK,2022-12-15
631,JOHN MARTIN,aliceanderson@example.net,South Jessechester,,2025-07-11
632,JASON ALLEN,fpalmer@example.com,Jonathonton,ME,2025-01-16
633,NATHAN JOHNSON,,New Steve,KS,2024-06-04
634,  Robin Bryant,hhall@example.org,Morenoburgh,VT,2023-08-27
635,AUTUMN BANKS,vcortez@example.org,Lopezstad,TN,2022-07-25
636,MELISSA MORA,reynoldstammy@example.com,Port Brandonfurt,PA,2024-03-19
637,BRITTANY PORTER,onealtimothy@example.com,Richardhaven,RI,2021-12-24
638,HEIDI MAYER,nalvarez@example.net,,DC,2025-08-03
639,CHERYL HERNANDEZ,kreyes@example.com,Lake Monicaview,NM,2021-12-13
640,CRYSTAL DAVIS,,,WA,2022-02-27
641,NICHOLAS HOOPER,vbrown@example.com,Garnertown,GA,2022-03-25
642,JAMES HAMILTON,wolfebrandon@example.net,Tonyamouth,ME,2021-08-26
643,RICHARD WOOD,cunninghamjeffrey@example.com,Port Thomasburgh,MD,2024-10-02
644,AMBER WHITE,nbruce@example.com,North Nicholasborough,OK,2021-11-10
645,VALERIE POWELL,askinner@example.org,North Nicole,NJ,2023-09-06
646,JASON NICHOLS,phelpssean@example.com,Sarahshire,VA,2025-03-23
647,WALTER COWAN,timothylawson@example.org,Flowersfurt,WV,2024-11-22
648,CLARENCE THOMAS,,Molinatown,,2022-09-09
649,WILLIAM CABRERA,deleontiffany@example.org,New Kaylaborough,NC,invalid_date
650,PAUL PHAM,patrick88@example.com,East Rachel,CA,2023-08-06
651,RYAN BUTLER,pattersonlisa@example.com,Jeanetteshire,VT,2023-06-19
652,TANYA SHANNON,javier82@example.org,Brooksbury,GU,2025-04-19
653,MRS. JAMIE WOOD,flowersstephanie@example.org,East Elizabeth,WI,2023-02-12
654,ANTHONY HALL,,South Ericport,SC,2024-05-08
655,CLAUDIA ROGERS,michaeloliver@example.com,Port Adamborough,VA,2021-03-16
656,PETER HUGHES,kyle24@example.net,Lake Kevin,,2023-03-03
657,AMY FREDERICK,mharvey@example.com,Port Chad,HI,2022-03-03
658,TODD HENRY,bowentodd@example.org,Adamtown,RI,2025-10-29
659,VIRGINIA RODRIGUEZ,michael78@example.org,South Annamouth,DC,2025-08-25
660,AMY HUGHES,jhansen@example.net,,WV,2024-02-29
661,KATHERINE HERNANDEZ,thomas03@example.com,Jamesmouth,MN,2022-05-03
662,BRIAN THOMPSON,samanthamueller@example.net,North Markfurt,NH,2023-11-09
663,JACOB JAMES,johnsonchristy@example.net,Norrisport,WI,2025-08-20
36,TRACY MORENO,jacqueline02@example.net,West Megan,MH,2025-07-20
665,HOLLY PORTER,christophercox@example.org,Wellstown,NY,invalid_date
666,ANDREW PARK,jennifer13@example.org,,WI,2022-06-23
667,JASON THORNTON,sheila03@example.org,Garyhaven,FL,2021-12-30
668,PENNY PERRY,mgrimes@example.com,North Jacobfurt,NJ,2023-05-09
669,  Christina Evans,frances87@example.org,Port Natalie,DE,2024-04-30
670,  Kyle Kelly,james29@example.net,West Jamieton,,2021-06-21
671,MARK HUANG,roger98@example.com,New Katrinaton,IN,2024-09-15
672,RAYMOND DAVIS,clarkalexandria@example.net,West John,ID,2024-08-23
673,CHRISTOPHER MOORE,richard54@example.net,West Jason,,2022-09-06
674,MICHAEL EVANS,toddphillips@example.net,,NH,2025-11-06
675,ANNE HUGHES,denise17@example.org,New Jessica,MP,2023-05-15
676,JAMES ARNOLD,hernandezjamie@example.net,New Tabitha,KY,2024-03-04
677,MICHEAL DIAZ,aliciaweaver@example.org,West Adammouth,ID,2024-08-01
678,ERIC BARRETT,jprice@example.org,Leahville,FM,2025-02-14
679,OSCAR HODGES,charles02@example.org,Valdezport,MH,2022-05-26
680,RITA ROACH,warddana@example.net,West Kimberly,,2025-07-09
681,ERIC GARCIA,gillespiesara@example.com,West Luisburgh,MA,invalid_date
682,MARGARET MORENO,sarah55@example.net,Lake Donnaborough,PR,2021-11-09
683,  Misty Stokes,joshuaortiz@example.org,Conradfort,MN,2021-11-05
684,HUNTER SMITH,tinarobinson@example.net,New Josephburgh,NJ,2024-02-29
685,MARIA BENTLEY,kimberlyyork@example.org,,ID,2025-03-14
686,CORY BRYAN,riverajoseph@example.org,South Bethmouth,,2024-01-27
687,KATHY CURRY,heatherfuentes@example.net,South Amber,PW,2025-10-21
688,TINA ARMSTRONG,madison42@example.com,Lake Sandytown,PA,2021-06-03
689,DONALD DUNCAN,katherine23@example.com,Marystad,VT,2022-06-14
690,THOMAS LARSEN,richardaustin@example.net,Normanhaven,NE,2022-01-10
691,ADAM WELLS,barnesbrent@example.net,,WI,2025-02-03
692,JENNIFER CHAVEZ,wtrujillo@example.net,Port Heather,NY,2025-11-05
693,SANDRA REYNOLDS,jesus32@example.net,Rebeccaberg,NJ,2022-12-12
694,ELIZABETH FOX,ryan46@example.com,Lake Janetburgh,NY,2023-11-15
695,THERESA SIMMONS,jamesmartinez@example.org,Thompsonberg,KY,2022-03-07
696,CARLA THOMPSON,ntaylor@example.net,Johnborough,WV,invalid_date
697,JACQUELINE BURCH,joanna56@example.net,Khanchester,FM,2023-10-04
698,STEPHEN ROBERTSON,jasonhobbs@example.org,,CO,2024-06-29
699,HAILEY PORTER,hammondstephanie@example.org,Rebeccafort,DE,2024-01-22
700,STEPHEN WILLIAMS,faulknerkim@example.com,Masonside,NC,2022-03-02
701,CINDY THOMPSON,bryan45@example.net,Port Angela,ME,2024-11-14
702,SANDRA IBARRA,tim27@example.com,New Garrett,CO,2024-06-18
703,JOSEPH DAVIS,perezthomas@example.net,Melissaside,MD,2023-01-16
704,LORI GILBERT,wardsarah@example.com,Lake Jenniferbury,IA,2021-10-11
705,KRISTIN HESS,steven61@example.com,Blackside,TN,2023-04-14
706,  Bradley Richards,michaelmcbride@example.com,Millerburgh,NM,2025-11-01
707,ANGELA RODRIGUEZ,yhughes@example.com,Spencerport,WV,invalid_date
708,MONICA BATES,iadams@example.net,North Kristiestad,AR,2024-05-03
709,LYNN HAMILTON,michaelkim@example.net,Thomasberg,MD,2025-11-27
710,MICHAEL MARTINEZ,brianlove@example.com,South Antonioland,CT,2026-01-20
711,VICTORIA KING,kristin15@example.org,West Keithfort,PR,2023-07-18
712,JASON ROBINSON,cynthia66@example.org,Port Karen,MD,2024-08-31
713,LISA ONEILL,jeffreyroberts@example.net,Candicemouth,UT,2024-11-08
714,KEITH SANCHEZ,christopheranderson@example.com,West William,MH,2023-07-01
715,LAURA HALEY,jhutchinson@example.com,Ibarraville,MO,2022-05-12
716,STEVEN MORRIS,edwinphillips@example.com,North Amandaport,NV,2021-06-13
717,JULIE JOHNSON,nnelson@example.com,West Morgan,NY,invalid_date
718,BRENDA SHORT,christophergilbert@example.org,East Aaronberg,,2022-09-05
719,SCOTT FOSTER,codyreeves@example.net,Lake Dennis,MN,2024-02-26
720,ROBERT BROCK,marshallkimberly@example.org,Ewingburgh,AK,2024-12-19
721,CHELSEA LEE,valerieelliott@example.com,Phillipfurt,PA,invalid_date
722,EARL BENSON,vburch@example.com,Marshallland,NM,2023-02-28
723,GARY WILLIAMS,ryan39@example.com,Daviesshire,FL,2024-02-06
724,CHARLES JOHNSON,andersonvanessa@example.org,Smithview,MD,invalid_date
725,CHERYL JACKSON,andrea49@example.org,Barrettstad,NC,2022-07-24
726,TIMOTHY BENNETT,amoore@example.com,Larsonton,KY,2022-08-21
727,LISA JOYCE,deborah95@example.org,Silvaborough,AS,2024-04-01
728,LOGAN SMITH,rebecca96@example.net,Ericaburgh,NJ,2023-01-06
729,STEPHANIE THOMAS,alvin75@example.org,South Chrisfurt,HI,2023-06-08
730,SHAWN BOONE,burkejeffrey@example.org,Franciscoburgh,,2022-07-27
731,HEATHER THOMPSON,kentcombs@example.com,Caldwellview,AS,2023-12-14
732,MRS. ELIZABETH HART,erobinson@example.org,North Loriside,NH,2025-11-17
733,CORY MOORE,probinson@example.com,Perezmouth,,2024-03-20
27,KATHERINE CLARK,christina33@example.org,Port Juliemouth,VI,2025-12-23
735,TARA WOLF,barryharrison@example.com,Port Tylerside,MT,2023-03-13
736,MICHAEL COLLINS,,Annachester,,2024-07-28
737,NICOLE MILLER,zgarcia@example.org,West Christian,TX,2025-12-13
738,VALERIE KENNEDY,odomangela@example.net,North Brittneyside,UT,2023-03-16
739,LISA SPARKS,eddiecannon@example.net,Jaredshire,,2022-07-07
740,ALICIA EVANS,matthewrojas@example.org,West Ambermouth,NC,2021-07-04
741,SAMANTHA PETERS,elizabeth82@example.org,Barnettfort,MO,2024-05-17
742,JEFFREY LESTER,louiswoods@example.com,New Erinburgh,WV,2024-04-10
743,CHRISTOPHER VAZQUEZ,douglas72@example.net,Rollinsburgh,CT,2025-07-17
744,ROBERT HENDERSON,,Port Patrick,KY,2021-05-08
745,ALBERT DIAZ,brenda49@example.net,North Melinda,UT,2025-06-16
746,BRUCE HENRY,margaret74@example.net,Lake Chad,PW,2025-04-26
747,WILLIE DURAN,john62@example.net,Patrickshire,MT,2021-02-02
748,WILLIE POWELL,danielsleslie@example.org,New Lesliebury,MT,2022-09-28
749,CHRISTIAN THOMAS,sandra08@example.com,East Vincentshire,KY,2025-08-18
750,KELLY CASE,,Lake Jamesport,TN,2024-06-02
751,TRAVIS JOHNSON,williamsclaudia@example.net,New Kimberly,OK,2021-11-11
752,MADISON RAMIREZ,qgarcia@example.org,Rodrigueztown,ND,2025-02-12
753,JEFFREY JORDAN,lisastewart@example.com,,,2022-05-29
754,DEANNA NAVARRO,reedbrian@example.net,Smithton,RI,2023-07-14
755,YESENIA WHEELER,ihouston@example.com,Millerborough,CA,2025-12-20
756,BRENDA NELSON,barbara07@example.net,New Seanport,TN,2025-11-28
757,JESSICA ORTIZ,yangariana@example.net,Karenshire,CA,2022-11-27
758,CHRISTOPHER GLASS,,,OK,2022-11-01
759,HALEY JOHNSON,,,NV,2023-09-12
760,GARY PALMER,austincameron@example.com,Lake Michaeltown,NJ,2022-05-05
761,RICHARD WATSON,smithkayla@example.net,Heathburgh,IN,2023-07-02
762,  Kayla Norris,michaelgarcia@example.org,Dennisborough,KY,2021-06-13
763,DIANA FRAZIER,aaron73@example.org,Haydenborough,AZ,2021-11-17
764,ERICA MAYO,lauren27@example.net,,ID,2024-08-03
765,ROBIN HART,ucobb@example.net,Lake Aimee,NV,2021-04-27
766,DAVID ELLIOTT,tlam@example.net,Lake Briannaport,VI,2023-11-17
767,HOLLY ANDRADE,campbellmichael@example.net,Kendraport,VA,2021-10-15
768,ANDRES LONG,rcarrillo@example.org,Clarkmouth,TX,2025-09-29
769,BONNIE HERNANDEZ,roger74@example.com,South Patriciachester,MH,2025-08-12
770,TERRY BAKER,bernardbonilla@example.net,Garciabury,AZ,2023-07-18
21,DONNA MCLAUGHLIN,kempcraig@example.com,Lewisstad,TX,2026-01-19
772,AMY SANDOVAL,estradaedward@example.com,Josephview,WI,2021-02-23
773,BARBARA CALDWELL MD,bowenheather@example.org,South Josephmouth,MI,2024-12-30
774,JAMES RAMIREZ,nicholasjackson@example.net,West Danielstad,MD,2025-09-15
775,ELIZABETH ROBLES,brandonmccormick@example.com,,,2023-05-08
776,MARK HARRINGTON,amy76@example.org,Millsstad,NV,2022-08-07
777,ERIC SHERMAN,alexiswilliamson@example.com,West Leslie,IL,2025-12-02
778,NATHAN THOMAS,mahoneykatie@example.org,,IL,2022-11-01
779,THOMAS TERRELL,randall08@example.com,Bradleyborough,,2023-05-08
780,  Benjamin Brown,,Jameshaven,DE,2023-08-06
781,LEON MUELLER,kennethtucker@example.org,Port Francisco,LA,2021-09-06
31,KARINA CARTER,thomasdaniel@example.net,New Cherylburgh,KS,2022-02-06
783,WANDA PINEDA,ualvarado@example.org,Lake Kristastad,WA,2024-02-16
784,GREGORY HARRISON,jacqueline30@example.org,Port Michael,SC,2023-10-08
785,MICHAEL ELLIOTT,piercecasey@example.com,Lake Anthonytown,,2024-04-25
786,KEITH FULLER,charleswheeler@example.net,New Kimberly,MP,2023-03-26
787,MARISSA SMITH,tamaradavis@example.org,Annafort,MS,2023-04-17
788,JESSICA HODGES,melissamcgee@example.net,North Jason,CA,2025-05-03
789,ANTHONY BARNES,brittneyoconnor@example.com,Port Peggy,MD,2023-06-11
790,  Julie Oliver,betty70@example.net,Devonview,DC,2024-08-05
791,DR. ERIK JOHNSON,,Lake Phyllis,OR,2023-07-05
792,JOSHUA DUNLAP,ejones@example.com,Lake Jimmy,DC,2023-09-12
793,IVAN MUNOZ,djones@example.net,Lake Stephanie,IL,2025-08-08
794,LISA HOGAN,christopherwatkins@example.net,Andreaton,DE,2023-07-28
28,BRIAN SANCHEZ,slamb@example.com,Alicebury,AS,2023-01-20
796,BRADLEY BARNES,jacqueline75@example.net,Laurenfurt,VA,2023-11-19
797,RYAN RAMOS,vortega@example.com,Smithville,DE,2021-11-17
798,JENNIFER SMITH,smithernest@example.net,Robertsonview,IA,2024-06-06
799,  Lisa Adams,greenjeremy@example.com,Port Jeremiah,AR,2022-10-13
800,LORI SCOTT,fjones@example.org,Peterburgh,,2023-05-28
801,TIMOTHY TAYLOR,owensteresa@example.org,,GA,2021-11-09
802,GERALD BEAN,ramirezamy@example.org,New Theresa,,2025-08-23
803,TRACY FREEMAN,asanchez@example.org,,GA,2021-03-26
804,  Kristin Peters,bruce04@example.net,Stephaniehaven,AZ,2022-10-21
805,ALLEN SIMS,omar37@example.org,,MP,2022-11-15
806,  Nathaniel Montgomery,raymondmitchell@example.org,Williamfort,,2025-02-02
807,APRIL WALKER,wrightalexandra@example.org,North Isabel,WI,2025-11-06
34,LISA HALL,davisjody@example.com,South Erin,MA,2025-12-19
809,GEORGE RAY,catherineevans@example.net,New Miguelstad,IA,2024-04-29
810,  Cynthia Thompson,mwright@example.com,New Christopherstad,UT,2022-11-14
811,  Sara Finley,luke94@example.com,,,2025-10-15
812,STEVEN NICHOLS,leejoshua@example.com,Schroederchester,,2023-05-28
813,PATRICIA AUSTIN,aaronsimmons@example.com,Daltonfort,AL,2025-01-11
814,EDWARD MURPHY,awilliams@example.com,Ochoamouth,MS,2022-11-07
815,  Susan Thompson,brichardson@example.com,New Michelleberg,GA,2023-10-07
816,TAMARA VELAZQUEZ,weekssamantha@example.net,Dunlapfurt,CT,2021-06-24
817,JEREMY BENNETT,anthony35@example.com,Debrafort,AK,2024-12-19
818,STACY LAWRENCE,harveyjames@example.net,East Amystad,,2022-03-29
819,WALTER BENNETT JR.,dsantana@example.net,Whitemouth,OR,2025-12-06
820,ASHLEE CONTRERAS,markgarcia@example.org,Richardsstad,UT,2024-03-08
821,ASHLEY JENSEN,,Amychester,MH,2021-04-06
822,CYNTHIA SMITH,xbell@example.org,Autumnville,OH,2022-05-19
823,MR. JOSEPH COLLINS,krista53@example.com,Jaredstad,OK,2021-03-11
824,JAMES MCCLURE,upalmer@example.org,South Lucasside,SD,2022-12-16
825,JOSHUA CONNER,jennifersanders@example.net,New Sophiafurt,AZ,2022-03-25
826,HEATHER WALLACE,stephanie36@example.com,West Kylestad,IN,2021-07-07
827,  Mallory Alvarez,christopherduncan@example.net,North Davidchester,KY,2022-10-21
828,JOSHUA THOMPSON,hfoster@example.com,Austinberg,ID,2023-10-20
829,CHELSEA PHILLIPS,warren74@example.com,Danielbury,NY,2024-11-14
830,KELLY MASON,qavery@example.com,New Keithchester,SD,2023-06-04
831,EDWARD LANG,gmitchell@example.com,New Candice,CA,2023-10-20
832,MARISSA CAMACHO DVM,derek00@example.com,East Scott,NH,2025-10-28
833,ZACHARY MILLER,shawkelsey@example.com,East Shirley,PR,2025-06-03
834,JACLYN WASHINGTON,craig41@example.com,Staceymouth,AZ,2024-01-23
835,KATIE BROWN,jolsen@example.org,,CA,2022-11-01
836,KELLY MOORE,brandon44@example.com,Port Matthewstad,MP,2022-12-12
837,MADISON WATTS,williamschristina@example.com,Floresside,TN,2023-06-15
838,JESSICA BROWN,halljacob@example.org,North John,ME,2022-08-01
839,JENNIFER THOMPSON,nathannelson@example.org,West Mary,NY,2023-05-14
840,KAREN OWENS,juliewells@example.net,Jonesburgh,OR,2022-08-12
841,KIM SMITH,hannahwright@example.com,Seanfort,MS,2023-02-11
842,MARY MEDINA,schmittkathryn@example.com,Thompsonhaven,VA,2024-11-06
843,MR. ANDREW ORTIZ PHD,sharon08@example.com,North Antoniofort,,2021-09-17
844,JASON HALL,,West Jasontown,LA,2022-04-03
845,REBECCA WOODS,larry22@example.net,North Fredfurt,AK,2021-07-08
846,  Austin Morales,gregggarcia@example.org,West David,MN,2021-05-12
847,MRS. CARRIE ROBERTS,ywarren@example.org,Lake Sherryshire,ID,2024-08-08
848,GEORGE SANDERS,walterszachary@example.com,Alvaradoside,VA,2022-05-13
31,KAREN REYNOLDS,glen98@example.com,West James,MA,2022-02-22
850,JENNIFER THOMAS,hayeslisa@example.com,Jameschester,,2023-09-11
851,MICHAEL SEXTON,,Lake Brittanystad,IL,2021-10-10
852,SARA HALEY,thomas70@example.com,Dicksonmouth,CA,2022-08-23
853,JENNIFER FISHER,qmiller@example.com,Stephenmouth,VA,2021-06-17
854,JESSICA BAILEY,nathaniel70@example.net,Melissachester,NY,2025-04-29
855,  Micheal Cummings,millerdavid@example.org,Katelynfort,MP,2021-08-09
856,DEANNA COLE,cburton@example.net,North Kari,DE,2022-10-31
857,JULIE ALLEN,royshawn@example.net,South Ashlee,DE,2023-07-19
858,LISA ROCHA,lori51@example.com,Davidton,PW,2024-12-27
859,TONYA STEIN,,,DC,2021-03-14
860,  Julie Hawkins,sweeneyeric@example.net,Jonathanberg,DC,2023-05-22
861,NATHAN JONES,justin22@example.org,East Elizabeth,VI,2024-10-28
862,MARIE KRAMER,garcialinda@example.org,West Kaylaville,WA,2021-07-24
863,EDUARDO KEITH,,Deniseport,NY,2022-05-23
864,DAVID LEE,lisa58@example.net,Lindsayview,KS,2024-12-30
865,TINA JOHNSON,qmanning@example.com,Casestad,NC,2021-07-14
866,JESSICA THOMAS,philip70@example.org,Adkinsport,UT,2021-03-12
867,DIANE MILLS,dhuff@example.org,Port Robinburgh,MS,2024-09-15
868,STACEY BUCK,hernandezpatrick@example.org,Traceybury,PA,2023-01-22
869,SAMANTHA FOSTER,millerjustin@example.org,West Barbara,MS,2021-07-27
870,  Leah Peterson,laurahernandez@example.org,,CO,2023-02-08
871,STEVEN HAYES,lconrad@example.org,East Martinside,WV,2024-06-06
872,ALLEN DAVIDSON,,West Robinbury,MS,2025-09-19
873,SABRINA CHEN,powelldiana@example.com,,ID,2024-06-18
874,JOSEPH REYNOLDS,,South Brianton,OK,2021-12-07
875,KRISTIN BRAUN,bfisher@example.org,Port Ashley,DC,2023-04-16
876,  David Hall DDS,andreayala@example.com,Owenville,NJ,2023-02-17
877,SAMUEL COPELAND,nguyenthomas@example.org,Troyton,AZ,2021-07-22
878,CATHERINE HALL,bgarcia@example.org,Walkerborough,TX,2025-11-30
879,JASON WHITE,palmerbrenda@example.com,Rhodeston,WA,2022-05-29
880,BRIAN LE,brittanyzamora@example.org,Smithfort,NE,2022-11-20
881,MRS. CHRISTINA BRADFORD,david23@example.net,Stoutland,PR,2022-09-24
882,LISA HILL,peter10@example.com,Castillotown,AZ,2024-12-03
883,JOHN ELLIOTT,andrew91@example.com,Port Annaborough,,2025-10-12
884,SCOTT UNDERWOOD DVM,paulvazquez@example.com,Fergusonburgh,AK,2023-04-26
885,MICHAEL HERRERA,shawn94@example.com,New Alexander,VI,2023-08-29
886,REBECCA DICKERSON,ibray@example.com,South Morgantown,OK,2023-07-08
887,  Alexandria Kramer,,Hatfieldshire,VA,2024-11-29
888,ZACHARY GARRETT,umartin@example.net,Smithhaven,WY,2026-01-02
889,ASHLEY ROGERS,,Donaldville,MT,2023-10-12
890,WILLIAM GONZALES,hochoa@example.org,Lake Louis,KY,2021-12-12
891,JASON JOHNSON,richardsonangela@example.net,Lake Ryan,PW,2025-10-30
892,KIMBERLY MARTIN,vanessa27@example.com,Longstad,FM,2022-04-11
893,BRIAN WILLIS,teresa64@example.net,Charlestown,FL,2023-11-05
894,JOHN KELLY,matthewmayer@example.net,Patrickville,MN,2022-08-22
895,  Brian Jones,parkersophia@example.com,West Franciscoland,,2023-05-17
896,NATHANIEL CAMPOS,gstevenson@example.net,,MH,2024-04-04
897,MR. JOSHUA CURTIS,lmartinez@example.com,Juanport,WV,2023-05-31
898,DANIEL ESPINOZA,lisa86@example.org,Stevensonborough,,2024-06-13
899,MEGAN WAGNER,daniellekirk@example.com,North Ashley,AK,2022-12-04
900,BRANDI WHITE,,Scottport,KS,2021-03-22
901,VICKI ROBERSON,ambermorris@example.com,Chrisberg,WV,2022-10-26
902,KAYLA COMBS,natashalopez@example.net,Port Andreaville,,2025-08-20
903,CHRISTOPHER BURKE,,Watsonport,MT,2024-07-26
904,ANGELICA RAMOS,patricialane@example.net,Johnburgh,PR,2023-06-22
905,JUSTIN SPARKS,nunezcynthia@example.org,Port Christina,GA,2023-12-05
906,BRIAN JEFFERSON,gloria88@example.org,Danielberg,MI,2025-12-09
907,RICKY HOUSE,drobinson@example.net,New Shannon,VI,2025-03-29
908,JESSE BROOKS,jasmin09@example.net,Gordonburgh,MD,2023-08-08
909,NICOLE WOODS,kristenhoffman@example.com,Port Riley,VI,2025-11-06
910,CRYSTAL FRANK,josemiller@example.net,Katrinamouth,TX,2024-05-21
911,JENNIFER MORRIS,robbinswilliam@example.com,Michelleburgh,IN,2021-02-20
912,NATHANIEL HESS,anthonykaiser@example.com,,,2024-03-21
913,KATHRYN CAIN,oneillbrandy@example.org,East Ryanfurt,UT,2022-12-10
914,REGINA BYRD,srodriguez@example.org,West Alicia,PR,2023-04-01
915,TIFFANY BARTON,john25@example.net,Joneston,IN,2024-03-29
916,APRIL RUBIO MD,bauerkatherine@example.com,West Robert,VI,2025-07-31
917,KENNETH SMITH MD,mathewstammy@example.net,West Dawnfort,NY,2022-11-27
918,WESLEY DOMINGUEZ,thomaserin@example.net,West Lisa,CA,2025-08-09
919,SETH BERG,elizabethosborne@example.net,New Taylorport,MN,2021-11-13
920,LEONARD CARTER,qbennett@example.org,Port Jennifermouth,AL,2024-09-09
921,STEPHEN RICHARDSON,james69@example.com,Brittanyfort,NE,2022-09-08
922,MARIA ROWE,jonathan44@example.com,New Dawnville,MN,2024-10-15
923,JOHNATHAN WEBSTER,jameschan@example.net,Port Brianberg,NY,2025-08-09
924,WILLIAM HALE,jonessteven@example.org,North Jennifer,IN,2025-09-26
925,  Laura Hicks,lestes@example.net,West Ryanfurt,PW,2025-03-25
926,JULIA CHAVEZ,travislyons@example.net,,WI,2025-03-31
927,  Andrew Murphy,howardkevin@example.net,East Jerry,PA,2023-09-11
928,  Deanna Jones,kayleerichards@example.org,New Shirley,GU,2023-10-01
929,JESSE TURNER,kathleenanderson@example.net,Lake Shannon,MT,2022-09-01
930,DANIEL LANE,michael17@example.net,Luisfort,CO,2021-10-05
931,CHRISTIAN BUSH,griffinchristina@example.net,North Scottmouth,NC,2021-05-17
932,JANICE TAYLOR,xlopez@example.com,Ashleyport,AK,2022-06-09
933,CHRISTINA HUGHES,natalieturner@example.com,Jenniferside,MO,2024-06-27
934,MICHAEL NEWMAN,adamsdustin@example.org,Josephside,SC,2022-08-18
935,MARY MONTOYA,davisfrank@example.com,Stacymouth,WA,2022-11-16
936,SAMANTHA WILLIAMS,elliottdorothy@example.com,Jameschester,KS,2023-05-13
937,MR. PATRICK LARSON,christineallen@example.net,Port Erik,,2022-11-19
938,EMILY HAMMOND,coryjohnson@example.net,North Christopher,,2021-08-07
939,KEVIN TORRES,rjohnson@example.com,Vazquezville,,2021-09-16
940,ROBIN HODGE,daughertyphillip@example.org,New Claudiashire,,2023-06-18
941,MARY KING,autumnsmith@example.com,Lake Sarahville,,2024-05-11
942,HANNAH BELL,michaelrivera@example.net,Danaborough,KS,2022-10-12
943,SOPHIA MORENO,melissahenry@example.org,Bradleytown,TX,2024-09-16
944,MELANIE GOODWIN,pamela32@example.org,Stephanieberg,OK,invalid_date
945,JUDY CLARK,jessicajordan@example.com,Silvaton,FM,2021-02-09
946,MARTIN WRIGHT MD,richard56@example.com,Lisastad,VI,2025-03-24
947,  Angela Rosario,sarahharvey@example.com,South Sandraland,KS,2025-03-21
948,BRADLEY CURTIS,vanessaburns@example.net,North Matthew,IN,2021-12-12
949,JEFFREY GARCIA,kmurphy@example.org,North Steven,FL,2025-08-20
950,STEVEN NELSON,,Stephenhaven,WA,2022-04-01
951,AMANDA WILLIS,nlee@example.org,Michaelchester,NE,2023-06-11
952,EDWARD HAMILTON JR.,byrdstefanie@example.net,Walkerhaven,NC,2022-03-25
953,ANGELA ZAMORA,,New Nicoleburgh,IL,2024-12-21
954,  Angela Long,dana79@example.org,Mcbridefurt,,2025-02-13
955,DENNIS SANCHEZ,allen61@example.com,Gibsonview,MH,2025-06-24
956,LORI TUCKER,qmay@example.org,Port Jasonstad,IL,2021-12-04
957,ALEXIS YODER,fullermatthew@example.org,Lake Jamesland,OH,2025-04-11
958,DAVID SALAZAR,earnold@example.org,Lake Gregoryside,DE,2024-05-28
959,PATRICIA WILLIS,williamskathy@example.org,North Bryan,,2022-08-24
960,  Scott Kent,hcarroll@example.net,Port Wesleyfort,WA,2024-07-02
961,  Brandon Miller,joshuapace@example.org,,MP,2023-10-06
962,AMANDA TERRY,,North Mistyville,MD,invalid_date
963,LEVI TORRES,martinsusan@example.com,Scottside,UT,2021-12-26
964,MELISSA EVANS,lstanley@example.org,Jeffreyfurt,AZ,2023-10-12
965,STACY PAGE,,Bakermouth,UT,2021-12-22
966,BOBBY HERNANDEZ,arodriguez@example.net,New Drew,MD,2024-06-24
967,JOSHUA GREENE,martha56@example.net,East Debbieville,PW,2023-08-20
968,GREGORY MARTIN,dpeters@example.com,Andreabury,,2024-01-20
969,REBECCA EVANS,tcohen@example.com,Melissamouth,ND,2021-10-31
970,  Audrey Evans,daviesamanda@example.org,New Robertabury,ID,2021-10-28
971,  Beth Reed,cainmary@example.org,West Cynthia,PA,2023-04-11
972,ERIN JONES,,West Sara,NY,2024-12-15
973,VICTORIA SCHROEDER,zfox@example.net,Aarontown,,2025-08-09
974,BILLY RIVAS,kennethjones@example.org,East Andrea,DE,2022-10-15
19,TODD SANCHEZ,laurakirk@example.net,East Carlyfurt,NY,2023-07-13
976,LINDA YANG,kennedyjohn@example.org,East Cheyenne,,2022-07-29
977,NICHOLE TURNER,millerjoshua@example.org,Lake Paulville,MH,2021-11-26
978,VALERIE LONG,,New Dakotashire,MP,2022-04-04
979,LAURA JONES DDS,cwalton@example.org,North Patriciaside,CA,2021-05-29
980,JEFFREY HOWELL,peterdavis@example.net,South Michealshire,SD,2021-11-02
981,STEVE JIMENEZ,dereklopez@example.net,Lake Karen,KY,2024-04-07
982,JOHN LEWIS,xbaxter@example.org,Shawnberg,KS,2022-02-18
983,CYNTHIA PARSONS,trevortaylor@example.net,Boydview,DC,2023-03-18
984,ELIZABETH BERGER,udorsey@example.org,Valdezton,UT,2025-01-09
985,KIMBERLY MORALES,crivera@example.com,Johnberg,OK,2023-11-12
986,JENNIFER MYERS,sthomas@example.org,North Caseychester,MO,2023-07-13
987,JUSTIN WATKINS,mullinsnathan@example.com,Lauriefurt,AS,invalid_date
988,DIAMOND RIOS,joshuapitts@example.org,Port Bethanytown,WA,invalid_date
989,CALEB WILSON,joseph30@example.org,Johnstad,NH,2021-09-12
990,CHRISTOPHER LEE,lauraallen@example.com,,AZ,2021-08-17
991,JEFFREY SMITH,,West Haley,MI,2022-07-06
992,JOHN HOWELL MD,kathrynmartin@example.com,Port Yvette,MN,2023-02-11
993,DAVID SMITH,colonalejandra@example.org,Josephfurt,GA,2024-09-16
994,LAWRENCE MUNOZ,qbrown@example.net,Mitchellton,GU,2024-12-24
995,RHONDA MILLER,ybecker@example.org,South Scott,AL,2022-07-31
996,  Kelly Barr,,West Christopherville,TX,2024-06-21
997,CHARLES MARTINEZ,troy18@example.org,Reevesmouth,,2025-05-19
998,SHIRLEY MARTINEZ,barbarawilliams@example.net,Port Russell,MH,2025-02-09
999,DAVID TURNER,joydominguez@example.com,Lake Paulside,IN,2022-09-14
1000,DALE RAMIREZ,hhill@example.com,Hallfort,UT,2023-02-01
1001,ELIZABETH DANIELS,jpatton@example.com,South Jeffreymouth,NE,2021-11-07
1002,  Donna Watson,,New Michael,AZ,2021-12-31
1003,MR. NICHOLAS WEBSTER,phorn@example.com,Katieberg,VT,2024-01-02
1004,MARY ALLEN,khooper@example.net,Sarahfurt,ME,2025-06-22
39,PHYLLIS CAIN,sheilawebb@example.com,Nicholasview,PW,2022-01-16
1006,LISA CAIN,tyler72@example.com,Richardland,,2022-05-08
1007,MICHAEL MARTINEZ,fjohnson@example.org,Lake Heatherfurt,AS,2023-01-05
1008,DR. DAVID HOOD,lesliehoover@example.com,Murphyport,FL,2025-05-04
1009,JOSEPH SMITH,vdawson@example.com,Andrewmouth,MP,2022-05-25
19,  Amanda Cohen,williamharris@example.net,Sawyerburgh,NE,2025-02-13
1011,JARED HAYS JR.,dale38@example.com,,CT,2023-12-10
1012,  Gina Christensen,brandirivera@example.net,Andrewmouth,SC,2024-01-31
1013,KEVIN JOHNSON,jodialvarez@example.com,Port Larrychester,NC,2025-12-24
1014,ALEXIS MARTINEZ,lsullivan@example.com,Lake Madelinemouth,WV,2021-10-19
1015,GREGORY HANSEN,aperry@example.org,Ellisville,MS,2022-08-18
1016,AARON SLOAN,williamsmonique@example.org,Rodriguezhaven,ID,invalid_date
1017,LISA SMITH,stevekelley@example.org,Petersonside,MA,2021-12-24
1018,  Briana Meyer,,Christophertown,NJ,2023-10-15
1019,BRITTANY PARKS,annamccoy@example.com,South Jamesland,MT,2022-02-04
1020,LYNN MARTIN,emilyguzman@example.org,Stephensonfort,CA,2024-08-05
1021,AARON JONES,sandovalleslie@example.com,New Jillstad,NE,2023-09-07
1022,KRISTI REYES,thomaswells@example.org,Paulport,IA,2024-09-09
1023,VANESSA SMITH DDS,gordonmaria@example.com,East Michael,SD,2023-11-15
28,ALEXANDRA TORRES,jimenezrobert@example.org,,NH,2024-10-11
1025,ERIC DAVIS,levytiffany@example.net,Riveraview,,2022-10-12
1026,LISA BURNS,cherrycody@example.com,South Gerald,,2024-11-02
1027,KEVIN MACK,wendywells@example.org,Lake Richardland,LA,2024-12-07
1028,DAKOTA SAVAGE,jamesconner@example.com,Nicholston,WV,2022-10-28
1029,ANNETTE STEVENS,cheryl67@example.org,Lake Gregorymouth,CT,2023-03-24
1030,TERESA MCDOWELL,schwartzkathleen@example.org,,,2021-10-20
1031,RICHARD FORD,hflores@example.com,South Diana,WI,2025-08-24
1032,ERIKA HUGHES,pmartinez@example.net,Ashleyberg,CT,2023-09-01
1033,BENJAMIN BELL,,Stephenmouth,VA,2022-06-14
1034,COURTNEY NIXON,robert84@example.net,Lake Josephmouth,WA,2024-06-24
1035,  Brandy Jensen,scottmargaret@example.net,,NV,2024-02-29
1036,KYLIE CUMMINGS,carterjennifer@example.org,South Paulaville,OR,2025-09-16
1037,  Melissa Martin,georgebell@example.com,Brooksmouth,NE,2025-06-04
1038,JOHN ROMERO,lowejessica@example.com,New Elizabethville,MN,2023-10-12
1039,RYAN RAY,caldwelljulie@example.com,Port Brandonchester,ND,2024-08-28
1040,  Dominique Hernandez,ericporter@example.org,,,2025-08-07
1041,MELODY BERG,burkenicole@example.org,West Christina,MN,invalid_date
1042,  Kara Lynn,ewilliams@example.com,Nealshire,MT,2025-09-11
1043,  Holly Shields,mcmillanjuan@example.org,New Beth,IL,2025-11-11
1044,LISA BYRD,harriswilliam@example.org,,WI,2024-04-11
1045,MICHELLE DORSEY,fmoore@example.com,South Summer,NM,2024-10-28
1046,MARGARET LIU,tasharobinson@example.org,East Sarashire,OK,2025-01-05
1047,MICHELLE BOWMAN,katherine87@example.com,Matthewberg,ME,2026-01-11
1048,NOAH WASHINGTON,mandrews@example.net,Lake Andrea,CA,2022-03-13
1049,NICOLE NELSON,jonesmichael@example.net,Christopherchester,VI,2021-12-18
1050,CHRISTINA CAMPBELL,madison23@example.com,Darrylville,IA,2023-01-03
1051,RONNIE WILLIAMS,lbrown@example.net,Josephfurt,,2022-03-13
1052,  Rodney Lambert,weststephanie@example.org,South Coltonburgh,ME,2025-02-24
1053,GLORIA HALEY,cody16@example.org,East David,NJ,2023-01-20
1054,KAREN HARRINGTON,perryjerry@example.net,West Tiffany,SD,2022-02-14
1055,AARON RICE,annalopez@example.org,East Tonya,NM,2024-11-08
1056,NICHOLAS GRAY,sherri35@example.net,Port Robertfurt,HI,2025-09-21
1057,JOHN MILLER,crystalcastro@example.org,Boltonhaven,NE,2023-04-15
1058,TAMMY WALKER,,Floresview,GA,2021-08-07
1059,NANCY JUAREZ,tammy49@example.org,Bethborough,TN,invalid_date
1060,KATHERINE HUBBARD,debra34@example.com,New Evanhaven,MO,2024-09-18
1061,  Mariah West,amandaholt@example.com,Nelsonfurt,OR,2021-08-19
1062,  Carmen Skinner,williamsonadrian@example.net,Timothymouth,IN,invalid_date
1063,JESUS OLIVER,warnerjennifer@example.com,Kimberlyview,SD,2023-01-02
1064,DANIELLE SHAW,michaellewis@example.com,,,2022-04-27
1065,MELISSA MCKINNEY,taylorwanda@example.net,West Kevin,CT,2022-10-28
1066,CHEYENNE HENRY,jacobsdaniel@example.com,Matthewfort,MO,2025-03-17
1067,JAMES BENTON,maciasvictor@example.net,Jessicaview,,2022-04-22
12,BRITTANY BROWN,gonzalezwilliam@example.org,Tonyburgh,DC,2023-05-14
1069,JAMES GREEN,ksmall@example.net,Johnchester,PW,2023-03-09
1070,REGINALD PEARSON,jacquelinewolf@example.com,West Jill,TN,2022-06-02
1071,BRANDON BOWERS,,East Michaelchester,NJ,2023-05-05
1072,JESSICA STEWART,smcclain@example.net,Ianside,VT,2024-02-13
1073,BLAKE REYNOLDS,jamestyrone@example.com,Jeremymouth,WV,2024-12-21
1074,DONNA ALLEN,carlsonjean@example.org,Hughesville,NY,2025-03-06
1075,CAMERON MITCHELL,williamkennedy@example.net,West John,WV,2025-04-20
1076,MARY HOOPER,joe13@example.org,Deanfort,MS,2023-07-05
1077,LINDA RODRIGUEZ,allenlisa@example.com,Marissabury,IA,2021-11-09
1078,JASON DAVIS,don46@example.com,West Melissa,PR,2023-04-10
1079,ADAM COCHRAN,vicki32@example.org,Smithview,NM,2022-06-29
1080,JUAN EVANS,,Morgantown,CO,2024-05-29
1081,NATHANIEL VARGAS,krausejack@example.org,,AS,2023-01-03
1082,AIMEE WHEELER,dhenry@example.org,Perezmouth,VT,2021-05-10
1083,REGINA SMITH,billywashington@example.net,Markfurt,,2024-04-28
1084,JASON SMITH,christopher71@example.org,Port Kayleechester,MN,2022-04-01
1085,KEVIN MANNING,aaron48@example.net,Roseburgh,,2024-09-16
1086,BETTY DOUGLAS,lambamanda@example.com,Lake Paulhaven,PA,2024-04-28
1087,RAVEN MAXWELL,,Vanessaville,CA,2023-11-01
1088,SARAH ESPINOZA,whitelinda@example.org,,,2022-08-22
1089,ANDREW KEMP,nfranco@example.com,North Jenny,CT,2021-03-12
1090,ROBERT OWENS,ajohnson@example.org,New Stevenberg,SC,2025-09-25
1091,RICHARD CROSBY,donaldwilson@example.net,,NM,2021-11-12
1092,JESSICA ADKINS,travisjeremy@example.org,Davidbury,PW,2021-05-28
1093,JEFFREY BROOKS,hbutler@example.net,East Jamestown,KY,2022-07-11
1094,DR. JOSHUA NICHOLS,hickslaura@example.org,,,2024-07-29
1095,WILLIAM MILLER,,West Johnfurt,AL,2022-02-27
1096,GEORGE GONZALES,nkennedy@example.net,,WV,invalid_date
1097,VERONICA WOODS,jessica88@example.com,New Robertoborough,GU,2022-08-21
1098,PAMELA SALAZAR,perezkristin@example.org,Janicebury,GU,2021-08-11
1099,ANDREA COX,wjones@example.org,Taylorfort,VI,invalid_date
1100,TYLER GUTIERREZ,vweaver@example.com,Oconnortown,MH,2022-05-15
