product_id,product_name,category,brand,unit_price
1,Myself,Home,Grant LLC,227.48
2,Project,Sports,,53.51
3,Real,Clothing,Monroe-Reed,149.69
4,Industry,Clothing,Wright Ltd,305.21
5,Stay,Books,Smith LLC,155.6
6,Building,Electronics,"Saunders, Coleman and Collins",234.0
7,Again,Electronics,"Taylor, Welch and Gregory",56.97
8,Develop,Sports,"Kelly, Price and Eaton",330.06
9,Stop,Clothing,,192.93
10,Another,Electronics,"Sanders, Kim and Watson",61.53
11,Up,Clothing,Wilson PLC,27.46
12,Benefit,Books,Jefferson Inc,205.34
13,Air,Sports,George Group,162.45
14,Be,Books,Martin Inc,192.27
15,Pull,Home,,48.13
16,Write,Home,Flores Inc,490.77
17,Answer,Sports,Mays Group,18.29
18,Determine,Clothing,"Baxter, Shelton and Clark",270.25
19,Since,Sports,,354.62
20,Summer,Clothing,Cruz-Flowers,173.27
21,Fear,Books,Franklin-Li,140.92
22,There,Home,Chavez-Bond,-10.0
23,Away,Sports,Flores-Brown,114.79
24,Turn,Electronics,Moore Group,161.26
25,Into,Electronics,"Miller, Hall and Price",395.47
26,Suffer,Sports,Hayes-Chen,195.38
27,Stock,Sports,"Berger, Smith and Mcclure",356.48
28,Recognize,Electronics,Johnson PLC,123.49
29,And,Sports,Watts-Dean,125.29
30,Majority,Clothing,"Cook, Ramos and Harris",375.38
31,Nice,Clothing,Baldwin-Williams,430.07
32,Remain,Books,Robinson-Duffy,487.43
33,Then,Clothing,Benson-Glenn,9.44
34,Street,Books,Hanna Group,81.38
35,As,Clothing,Wilkinson-Lyons,403.14
36,Range,Clothing,Henry-Maddox,250.18
37,Major,Electronics,,195.62
38,Fund,Electronics,Martinez-Robles,342.01
39,General,Electronics,"Johnson, Martin and Gallegos",59.96
40,Center,Home,Russell-Skinner,356.0
41,Fund,Clothing,Cooper Ltd,310.77
42,Down,Books,Hale Group,
43,Far,Home,"Phillips, Higgins and Morris",454.19
44,Remember,Books,"Scott, Wilson and Santos",108.17
45,Huge,Home,Smith Group,410.92
46,Every,Home,Evans and Sons,299.72
47,Show,Books,Santana Ltd,405.39
48,Would,Electronics,Snyder and Sons,-10.0
49,Speech,Electronics,Miller LLC,150.4
50,Rule,Sports,Little Inc,194.9
51,Behavior,Sports,Harrell Ltd,268.93
52,Become,Sports,Tran-Turner,438.23
53,Himself,Sports,Rangel LLC,339.35
54,Deal,Sports,Rodgers PLC,68.23
55,Institution,Electronics,"Ford, Conley and Woods",482.59
56,Brother,Clothing,"Thomas, Smith and Wilson",99.88
57,Push,Sports,Booker and Sons,197.09
58,Mean,Sports,Robinson LLC,219.42
59,Money,Home,"Hubbard, Smith and Snyder",73.69
60,Practice,Clothing,"Wright, Jacobson and Jones",492.93
61,Development,Home,"Hansen, Oliver and Miller",499.31
62,Oil,Sports,,182.22
63,Half,Sports,Brown LLC,441.1
64,Either,Books,Turner-Adams,120.64
65,Two,Books,Brennan Group,439.15
66,Of,Home,"Pierce, Wilcox and Snow",0.0
67,Probably,Clothing,Brown Inc,412.76
68,Kind,Sports,Lopez Ltd,401.35
69,Fire,Electronics,"Johnson, Nelson and Robinson",479.17
70,Ten,Clothing,Frank Group,168.24
71,Pretty,Home,"Jones, Crawford and Hill",410.56
72,Affect,Sports,"Scott, Durham and Copeland",244.17
73,Operation,Electronics,,98.92
74,Nature,Electronics,"Sutton, Smith and Fernandez",
75,Here,Books,"Gregory, Alexander and Lee",38.28
76,Town,Electronics,Ho Group,356.52
77,A,Home,"Ferrell, Houston and Morris",468.65
78,Ground,Sports,Pham and Sons,494.29
79,Store,Electronics,Delgado-Mclaughlin,73.66
80,The,Electronics,Flynn-Lopez,251.15
81,Window,Books,Edwards-Hall,280.61
82,Piece,Books,"Richardson, Park and Mendoza",246.04
83,Offer,Clothing,Walker PLC,370.55
84,Decision,Sports,Bernard-Lee,473.82
85,Between,Books,"Fernandez, Barrett and Gonzalez",137.58
86,Medical,Books,White and Sons,103.64
87,Help,Home,Pace-James,104.36
88,Bad,Home,"Jones, Ford and Anderson",229.51
89,Prevent,Clothing,Taylor-Clark,32.56
90,Similar,Home,Wiggins-Chapman,497.46
91,Table,Electronics,Hughes-Juarez,290.08
92,Little,Books,"Wright, Bartlett and Wagner",367.4
93,Most,Sports,Rivera LLC,448.25
94,Mention,Sports,Bryant Group,5.73
95,Collection,Electronics,Cruz-Brown,174.84
96,Similar,Books,,272.39
97,Than,Electronics,"Brady, Martinez and Lopez",475.63
98,Here,Books,"Griffith, Crawford and Shaw",493.92
99,Try,Sports,"Byrd, Jensen and Boyd",368.11
100,Contain,Home,"Stewart, Gonzalez and Ryan",461.68
101,Image,Electronics,Davis Inc,53.86
102,Involve,Sports,Lin-Morales,295.37
103,Most,Books,"Olson, Rose and Miller",66.96
104,Fight,Books,Sweeney-Holmes,-10.0
105,Evening,Books,Braun-Hamilton,275.28
106,If,Home,Rodriguez-Jones,
107,Center,Books,"Smith, Mitchell and Jacobs",180.35
108,Effort,Clothing,Campbell-Jones,347.45
109,Sell,Electronics,Jackson-Irwin,314.03
110,Action,Home,"Jordan, Henderson and Lee",228.85
111,Social,Books,"Baker, Long and Weeks",200.65
112,Gun,Books,Hester PLC,107.66
113,Pick,Clothing,Moore Group,383.31
114,Design,Electronics,Dalton Inc,124.63
115,Political,Electronics,"Salinas, Bennett and Berger",28.86
116,Size,Clothing,Dalton Group,111.65
117,Just,Home,"Ballard, Kelly and Scott",270.14
118,Memory,Books,Brown-Spears,140.06
119,Finally,Electronics,"Goodman, Martin and White",143.09
120,Stock,Electronics,"Moore, Johnson and Berger",342.86
121,And,Books,Wilson PLC,422.3
122,Role,Electronics,Davila-Gonzalez,350.36
123,Fund,Sports,Gonzalez-Christensen,398.64
124,Never,Sports,Garcia and Sons,342.44
125,Staff,Sports,,97.57
126,Decision,Clothing,Martinez-Gonzalez,17.48
127,Again,Books,Long LLC,36.83
30,Oil,Electronics,Stevenson-Thomas,40.8
129,Leader,Home,Miller-Hayes,347.19
130,Nor,Books,Lewis Ltd,0.0
131,Safe,Clothing,Hayes-Webster,223.51
132,White,Electronics,"Davis, Green and Hansen",440.24
133,Certain,Electronics,West LLC,368.52
134,Whom,Home,Davis Inc,303.23
135,Next,Sports,Travis Group,476.56
136,Boy,Home,"Blanchard, Marks and Miller",413.9
137,Bed,Sports,"Smith, Johnson and Morgan",147.58
38,Political,Books,,387.59
139,Case,Books,"Ayala, Wilson and Johnston",150.96
140,Option,Home,Lawrence-Johnson,398.44
141,Key,Books,,215.5
142,Beyond,Clothing,,110.42
143,Push,Electronics,Contreras Group,127.2
144,Office,Electronics,"Moore, Castillo and Wright",256.25
145,Cold,Books,,76.98
146,Southern,Sports,Lewis-Williams,149.07
147,Trade,Electronics,Sandoval-Miller,458.09
148,Where,Electronics,Shaffer and Sons,213.06
149,Effort,Books,Ryan-Morales,7.57
150,Official,Electronics,Richardson Inc,239.02
151,Before,Electronics,Gonzalez-Stone,407.56
152,Prove,Electronics,Long-Blackburn,471.87
153,Ball,Clothing,Gonzales-Stephens,74.12
154,Area,Books,Romero Ltd,-10.0
155,Off,Clothing,"Scott, Bradley and Long",167.03
156,Fast,Sports,Romero and Sons,13.99
157,Various,Sports,Burke-Hall,7.7
158,Conference,Electronics,Ball and Sons,178.21
159,War,Electronics,Hodges Inc,233.32
160,Interview,Clothing,Barker Inc,480.8
161,Water,Books,Adams-Lopez,295.55
162,Strong,Home,Ray-Gomez,
163,Garden,Clothing,Young Group,393.33
164,Summer,Books,Miller-Greene,271.59
165,Cover,Clothing,"Mcneil, Carey and Mccann",384.57
166,Necessary,Books,Wilson and Sons,119.11
167,Above,Home,Ford Ltd,189.84
168,Prevent,Books,"Barber, Wallace and Edwards",
169,Pick,Books,Burch Group,384.66
170,Nation,Books,Anderson-Hall,79.62
171,Population,Clothing,Hanna Inc,299.26
172,Remain,Sports,"Rivas, Lopez and Bradshaw",403.95
173,Beyond,Home,Little PLC,10.21
174,Build,Home,Wright-Floyd,225.57
175,Would,Home,Alexander Inc,392.4
176,Key,Clothing,Fuller-Coleman,185.98
177,Laugh,Clothing,"Warner, Garcia and Larson",383.76
178,Half,Books,Fowler-Rojas,270.85
179,Interesting,Sports,Taylor-Mosley,67.85
180,Exactly,Electronics,Ruiz-Burke,402.99
181,Cover,Books,King LLC,424.34
182,Full,Clothing,"Cannon, Peters and Reed",377.81
183,Change,Electronics,,443.32
184,Class,Books,,276.47
185,Close,Clothing,Smith Group,314.63
186,Skill,Electronics,"Joseph, Turner and Howard",132.94
187,Drug,Home,"Hernandez, Khan and Taylor",218.95
188,Operation,Electronics,,411.62
189,Size,Books,Hopkins PLC,152.19
190,Hold,Electronics,Kline-Coleman,161.82
191,Learn,Home,Bowers-Martinez,110.77
192,Able,Clothing,"Brooks, Hall and Cooper",196.81
193,Within,Books,Martinez-West,276.62
194,Bad,Books,"Robinson, Jackson and Baker",224.37
195,Off,Home,Drake PLC,59.95
196,Development,Clothing,Campbell Inc,328.39
197,That,Home,Levine-Gray,382.03
198,Later,Electronics,Ramos PLC,469.67
199,Away,Sports,Pratt LLC,176.72
200,Past,Sports,Oliver-Benton,52.99
201,Everything,Sports,"Harris, Hicks and Allen",60.15
202,Help,Home,Davis LLC,-10.0
203,However,Electronics,Vasquez-Duncan,315.12
204,Increase,Electronics,"Tyler, Taylor and Meyers",200.55
205,Attention,Clothing,Baker Group,262.76
206,Western,Books,"Ortega, Miller and Dixon",272.94
207,This,Electronics,Combs Inc,470.67
208,Think,Clothing,Rodriguez PLC,258.33
209,Eye,Books,"Shaw, Barrera and Schultz",
210,Manager,Home,West Group,145.67
211,National,Clothing,Gaines Group,-10.0
212,Million,Home,Nelson Ltd,45.31
213,Character,Sports,"Harris, Mccoy and Cox",430.05
214,Spring,Clothing,,24.19
215,Bed,Sports,Wilson-Roberts,249.33
216,Win,Home,"Beck, Olson and White",
217,Which,Books,Mclaughlin and Sons,149.86
218,Foreign,Electronics,Oconnor-Benton,383.85
219,Pattern,Books,Woods-Mcdonald,440.09
220,Century,Books,"Villarreal, Jordan and Daniels",13.28
221,Successful,Electronics,Ponce Ltd,403.1
222,Guess,Clothing,Thomas-Collins,469.73
223,Appear,Electronics,Harrison Inc,397.41
224,Would,Books,"Glover, Shah and Jones",425.98
225,Cell,Books,,442.1
226,Fight,Home,"Sullivan, Daugherty and Thompson",8.82
227,Water,Clothing,Shepherd-Campbell,145.05
228,Hear,Home,Padilla Inc,308.47
229,Serious,Electronics,"Sandoval, Martinez and Bray",213.61
230,Civil,Electronics,"Brown, Murphy and Lang",282.78
231,Happen,Electronics,"Clark, Patel and Kent",303.75
232,Plant,Books,Hartman-Myers,178.05
233,Serve,Electronics,"Rodriguez, Villarreal and Cordova",298.12
234,Usually,Sports,Cline LLC,441.81
235,Local,Home,,
236,Spring,Electronics,Jordan Group,115.3
237,Lawyer,Electronics,Harrington Ltd,24.99
238,This,Home,Neal-Diaz,475.34
239,Each,Sports,Johnson-Alvarez,352.72
240,Expect,Electronics,Conway-Gonzales,65.5
241,Let,Books,Mullen-Gonzales,255.31
242,Television,Electronics,"Morales, Cunningham and Stewart",47.33
243,High,Clothing,"Miller, Rivas and Flynn",420.33
244,Artist,Clothing,"Alvarez, Ramos and Jones",492.6
245,Simply,Electronics,Mcdowell-Clark,
246,Describe,Home,Fisher Ltd,438.07
247,Add,Electronics,Fowler-Smith,324.84
248,Firm,Electronics,Thompson-Mays,148.4
249,East,Electronics,"Cowan, Murphy and Patterson",163.75
250,Then,Electronics,Cisneros-Rose,295.76
251,Five,Books,"Case, Crawford and Spencer",372.93
252,Bad,Home,Simpson-Davis,437.11
253,Interesting,Home,,208.53
254,Character,Books,Reyes-Mcclain,45.6
255,Serious,Books,Parrish PLC,417.0
256,Option,Sports,,213.58
257,Discover,Electronics,Shepherd-Wagner,379.6
258,Key,Sports,Brown and Sons,353.52
259,Keep,Books,Randall Group,22.7
260,Loss,Sports,Mclaughlin-Ramirez,-10.0
261,Worry,Sports,Bishop-Cox,241.84
262,Care,Books,Curtis and Sons,372.1
263,Difficult,Home,Porter and Sons,214.97
264,Kind,Books,"Gilbert, Johnson and Collins",294.65
265,You,Books,Contreras-Caldwell,470.95
266,Food,Home,Frazier-Chandler,296.77
267,According,Electronics,Little Group,341.37
268,Trial,Sports,"Rice, Jones and Rodriguez",467.74
269,First,Electronics,Allen-Holloway,141.32
270,Water,Sports,Smith-Love,17.73
271,Coach,Sports,Patterson Ltd,0.0
272,Teacher,Electronics,Huerta and Sons,192.2
273,Thousand,Books,Tate-Martin,378.31
274,Answer,Home,Johnson-Parker,356.89
275,Program,Clothing,"Sanchez, Rice and Fuller",410.05
276,Product,Sports,Walton Ltd,128.53
277,Police,Books,Clark Inc,144.87
278,Sign,Home,Kim-Stevenson,476.0
279,Scene,Clothing,Sanchez Group,48.46
280,Ago,Electronics,Carter Group,273.69
281,Remember,Electronics,Carlson LLC,308.12
282,There,Home,Kerr-Delgado,19.45
283,Cultural,Clothing,Mcmillan Inc,100.06
284,Lot,Clothing,"Lowe, Chavez and Ross",163.76
285,None,Clothing,"Brown, Wallace and Johnson",85.56
286,Themselves,Home,"Benson, Jones and Rivera",398.02
287,Enter,Clothing,"Mcdonald, Mccann and Alexander",369.88
288,International,Electronics,Green Inc,448.91
289,Response,Clothing,Reid and Sons,167.66
290,Central,Books,,143.7
291,Law,Electronics,Garcia-Clarke,
292,Program,Clothing,"Hunter, Wells and Mcknight",143.97
293,Discuss,Books,Goodman-Knight,408.73
294,Step,Clothing,Mueller-Singleton,305.14
295,Why,Books,Gilbert PLC,219.21
296,Message,Sports,,239.55
297,Explain,Sports,Stout Ltd,148.8
298,Seem,Home,Hamilton-Martin,
59,Edge,Sports,Barajas-Adams,
300,Process,Clothing,"West, Hernandez and Brown",87.26
301,Contain,Home,"Small, Weeks and Stewart",163.73
302,Face,Home,Miller-Hammond,11.62
303,Financial,Clothing,Garcia and Sons,359.04
304,High,Sports,Steele Inc,119.62
305,Series,Books,Sharp LLC,283.38
306,Side,Electronics,"Walsh, Jones and Boyd",0.0
307,Defense,Sports,Reynolds-Pena,453.18
308,Decade,Home,Ross PLC,481.67
309,Good,Home,"Coleman, Mccormick and Jones",374.96
310,Lot,Electronics,"Lamb, Townsend and Rios",497.84
311,Quickly,Sports,Lawson PLC,190.2
312,Including,Books,Schmidt and Sons,373.89
313,Other,Clothing,"Estes, Villegas and Brennan",253.99
314,Bank,Books,Hernandez PLC,-10.0
315,Attack,Sports,Copeland Ltd,491.76
316,Must,Sports,Diaz Inc,121.04
317,Spend,Electronics,Torres Group,246.72
318,Old,Clothing,"Gonzalez, Campbell and Bell",288.81
319,Rather,Sports,"Montgomery, Craig and Serrano",373.13
320,Friend,Electronics,Reid PLC,270.26
321,Get,Clothing,Duncan-Cruz,219.72
322,Evening,Electronics,Warren-Morrison,482.24
323,Teacher,Electronics,Nelson Group,156.45
324,Customer,Clothing,"Freeman, Myers and Ray",5.93
325,His,Clothing,Steele Ltd,419.61
326,Drop,Books,"Scott, Krueger and Burnett",490.16
327,Serve,Sports,"Jordan, Osborne and Cameron",302.25
328,Report,Sports,Lee-Lee,57.03
329,Hit,Home,Matthews Ltd,453.41
330,Opportunity,Home,Bell-Smith,294.71
331,Resource,Clothing,Brown-Macdonald,293.98
332,Order,Electronics,"Silva, Gilbert and Lewis",24.29
333,Contain,Electronics,Smith Group,376.71
334,Hundred,Books,Giles and Sons,124.35
335,Night,Home,"Lopez, Carrillo and Conway",472.75
336,Fire,Sports,"Warren, Wagner and Boyd",285.38
337,Difficult,Electronics,Wilson-Anderson,246.14
338,Expect,Books,Hardy Ltd,274.18
339,Option,Books,"Rogers, Curtis and Webster",107.19
340,Image,Clothing,"Young, Kaiser and Sanders",183.3
341,Second,Sports,Lang Group,389.18
342,Leader,Clothing,Blake PLC,203.86
343,Here,Electronics,"Walker, Nunez and Bartlett",403.62
344,Cell,Clothing,"Fields, James and Koch",87.1
345,Sound,Books,Washington-Johnson,38.05
346,Including,Clothing,Black-Beasley,434.59
347,Suddenly,Electronics,"Ellis, Tapia and Rodriguez",194.34
348,Mean,Electronics,Pennington Group,129.38
349,Visit,Electronics,Oneal Inc,326.74
350,Apply,Electronics,Hutchinson-Allen,127.68
351,Week,Books,"Patel, Flynn and Turner",87.9
352,Order,Home,"Sanchez, Franco and Carney",437.26
353,Day,Books,Holloway Ltd,227.25
354,Send,Home,Martinez-Chapman,
355,Lot,Home,Barr-Bell,464.38
356,Station,Electronics,Downs-Gonzalez,100.21
357,To,Clothing,"Davis, Wolf and Smith",342.94
358,Chair,Electronics,Haas Group,256.35
359,Five,Sports,Kelly PLC,390.75
360,Allow,Books,Simmons LLC,309.34
361,Nothing,Electronics,Berry and Sons,330.21
362,They,Home,Holloway Ltd,374.89
20,Door,Electronics,Salazar-Wilson,16.42
364,Activity,Clothing,Leach Ltd,264.35
365,Realize,Books,Moreno-Vasquez,72.55
366,Bad,Electronics,Carrillo and Sons,467.86
367,Case,Electronics,Gonzalez-Nguyen,359.63
368,What,Electronics,,404.49
369,Rock,Sports,Mooney-Jones,467.8
370,Might,Electronics,"Ray, Wagner and Dominguez",125.99
371,Picture,Clothing,"Chung, Diaz and Burns",472.12
372,Stuff,Sports,Nelson and Sons,77.02
373,Common,Sports,Robinson-Miller,195.97
374,Though,Clothing,Daniels-Castillo,271.7
375,Officer,Sports,Roth-Jones,349.93
376,Thought,Sports,"Gilmore, Harrison and Gross",0.0
377,Well,Clothing,,341.53
378,Poor,Sports,Fernandez-Craig,339.01
379,Left,Books,,278.15
380,Interest,Clothing,"Velez, Anderson and Richardson",454.3
381,Simple,Books,"Larsen, Peterson and Lewis",
382,Watch,Clothing,"Fisher, Singh and Moore",22.29
383,Mr,Home,"Booker, Walsh and Ball",149.93
384,For,Books,"West, Mahoney and Wallace",149.16
385,Decade,Books,Stewart-Kelly,418.94
386,Page,Books,"Martinez, Rodriguez and Jenkins",
387,Task,Electronics,Sampson LLC,0.0
388,Fine,Electronics,Gallagher-Ross,321.87
389,Art,Sports,Weiss LLC,435.42
390,Expect,Electronics,"Hopkins, Alvarado and Colon",56.59
391,Crime,Sports,,206.64
392,Money,Home,Ramirez-Keller,332.57
393,Indeed,Clothing,Walker-Porter,273.67
394,Me,Clothing,"Soto, Jones and Yoder",306.59
395,Price,Sports,Morgan LLC,0.0
396,Experience,Sports,"Williams, Frye and Wall",35.15
397,Little,Sports,"Hernandez, Lopez and Rose",245.56
398,Often,Electronics,Navarro and Sons,-10.0
399,Must,Clothing,"Diaz, Joyce and Kelley",459.01
400,Stock,Clothing,Morales-Kim,474.08
401,Top,Electronics,"Barton, Estrada and Payne",261.51
402,She,Home,"Rodriguez, Norton and Booth",362.58
403,Worry,Home,Moran LLC,193.25
404,Lead,Home,"Larsen, Evans and Martin",454.56
405,Article,Electronics,Hernandez-Werner,155.77
406,Newspaper,Books,"Lopez, Landry and Murphy",10.3
407,Nothing,Clothing,Parker-Sanford,453.32
408,Until,Clothing,,127.45
409,Indeed,Sports,Little Ltd,381.55
410,Well,Sports,Garcia LLC,386.44
411,One,Clothing,Miller and Sons,313.65
412,Source,Clothing,"Hayes, Welch and Hart",77.14
413,Agree,Books,Sanders-Schwartz,325.37
414,Western,Clothing,Garrett LLC,
415,Own,Electronics,,354.06
416,By,Home,,293.26
417,Around,Home,Snyder Group,351.88
418,Truth,Clothing,Gibson Group,186.55
419,Off,Electronics,"Landry, Barrett and Stone",219.46
420,Anything,Books,Kelley LLC,357.15
421,Total,Books,Boyle Ltd,179.57
422,Owner,Electronics,Marshall LLC,154.58
423,Focus,Books,Galvan-Bradford,12.22
424,Like,Sports,"Williams, Ramos and Adams",384.57
19,Push,Books,Brown-Weaver,-10.0
426,Someone,Sports,"Walters, Taylor and Barr",441.76
427,Religious,Electronics,"Wright, Velazquez and Reynolds",153.54
428,Almost,Books,Krause and Sons,262.91
429,Me,Home,,38.68
430,Pressure,Books,Murphy Ltd,96.12
431,Order,Electronics,Rose-Reynolds,446.05
432,Over,Books,"Taylor, Jackson and Cordova",225.05
433,Stop,Sports,"Miller, Farmer and Mack",175.85
434,Baby,Books,Morales and Sons,113.38
435,Answer,Clothing,,213.94
436,About,Clothing,Henderson-Saunders,479.26
437,Himself,Sports,Taylor-Ramos,245.7
438,Third,Electronics,Roth LLC,212.25
439,Peace,Home,Meyers-Malone,239.36
440,Nearly,Electronics,Pacheco Ltd,387.29
441,Newspaper,Sports,"Cooper, Peters and Miller",55.77
442,Article,Books,Edwards-Camacho,429.03
443,Through,Home,"White, Anderson and Lee",29.0
444,Board,Electronics,"Cox, Wilcox and Mckee",470.4
445,Always,Clothing,"Jones, Brennan and Burton",344.24
446,Either,Clothing,,358.59
63,Weight,Sports,Thomas LLC,239.16
448,Which,Home,Brown-Bowen,233.1
449,Foot,Books,"Smith, Campbell and Hartman",428.85
450,Rather,Sports,Conner-Hardin,197.65
451,Now,Books,,410.57
452,Firm,Clothing,Estes-Jackson,426.78
453,Floor,Books,,373.35
454,Edge,Clothing,,293.33
455,Must,Home,"Garrett, Thompson and Gonzalez",113.48
456,Close,Clothing,Knight and Sons,45.67
457,Wish,Home,Williamson Ltd,388.83
458,Let,Clothing,"Perry, Bennett and Freeman",127.04
459,Firm,Electronics,"Simon, Walls and Gonzalez",461.39
460,Evening,Clothing,"Dunn, Aguilar and Morgan",22.09
461,Can,Clothing,,318.01
462,Develop,Home,Ortiz Inc,399.73
89,Door,Clothing,Pope and Sons,208.88
464,Service,Clothing,Watts-Wright,76.04
465,Condition,Home,Thomas and Sons,383.7
466,History,Clothing,"Bell, Davis and Wells",175.06
467,Prepare,Sports,Clark and Sons,
468,How,Electronics,Lynch PLC,150.14
469,Offer,Home,,106.22
470,Home,Clothing,"Burns, Ramsey and Dixon",208.51
471,Plan,Books,Hughes-Wilson,247.94
472,Phone,Books,"Watson, Stout and Shelton",270.13
473,Data,Clothing,Elliott-Sexton,9.61
474,Main,Books,"Pace, Brown and Daniels",321.16
475,His,Books,"Butler, Friedman and Turner",468.15
476,While,Sports,"Francis, Yu and Mitchell",406.56
477,Live,Home,Santana PLC,497.55
478,Hand,Home,"Wilson, Nichols and Sandoval",218.62
479,Decision,Books,Reed-Anderson,
480,Even,Electronics,Jones PLC,60.21
481,Manage,Home,Chapman-Gonzales,256.85
482,Task,Sports,Aguilar LLC,396.6
483,Trouble,Books,Munoz-Smith,439.87
484,Over,Home,Tate-Pearson,155.23
485,Along,Electronics,"Thompson, Johnson and Mitchell",242.22
486,Force,Home,Kerr Inc,224.45
487,Draw,Clothing,"Marquez, Long and Shelton",177.21
488,Reflect,Clothing,Johnson-Leblanc,346.45
489,Evening,Sports,Salazar-Christian,142.2
490,Personal,Books,"Rios, Elliott and Smith",477.71
491,Position,Clothing,"Mccall, Wilkinson and Knapp",324.78
492,Question,Clothing,Boyer-Lewis,160.46
493,Too,Clothing,,346.15
494,We,Home,"Sims, Scott and Burke",219.58
495,Some,Electronics,"Hansen, Kerr and Williams",39.35
496,Thank,Electronics,"Vargas, Pratt and Blevins",288.44
497,Trade,Electronics,,404.21
498,Magazine,Clothing,Horn-Turner,41.08
499,Into,Clothing,"Parker, Reed and Williamson",80.68
500,Travel,Books,Anderson-Wall,214.58
501,Establish,Clothing,"Huff, Peterson and Cooper",474.46
502,Southern,Electronics,"Turner, Cruz and Johnson",126.88
503,Majority,Home,Payne and Sons,474.89
504,Doctor,Sports,Gross and Sons,22.48
505,Practice,Electronics,Green PLC,338.65
506,East,Electronics,Lee LLC,491.5
507,Unit,Home,Terry-Velez,-10.0
508,Reach,Books,"Shah, Atkins and Carr",97.31
509,Recognize,Clothing,Davis-Perez,122.81
510,View,Sports,Hoffman Group,66.23
511,Environmental,Clothing,Ho Inc,42.23
512,Above,Electronics,Bailey-Bush,95.58
513,Condition,Clothing,"Howard, Ellison and Allen",120.38
514,Student,Electronics,"Alvarez, Hernandez and King",43.73
515,Husband,Clothing,Rogers-Chang,345.34
516,Customer,Electronics,Blair PLC,482.89
517,Establish,Home,Smith PLC,477.01
518,Rock,Home,Nelson and Sons,0.0
519,Again,Sports,"Clark, Allen and Taylor",346.27
520,Office,Electronics,Norris-Curry,442.6
521,Usually,Home,,220.69
522,Nice,Clothing,"Clark, Miranda and Price",19.53
523,Man,Home,Wallace-Collins,168.3
524,Election,Clothing,"Martin, Garcia and Smith",309.15
525,Style,Books,"Santana, Fields and Fernandez",0.0
526,Might,Electronics,Peters LLC,-10.0
99,Seem,Home,Bradford PLC,329.54
528,Though,Books,Randall-Lewis,308.41
21,Light,Electronics,Elliott and Sons,442.49
530,Game,Electronics,Cox PLC,194.86
531,Country,Clothing,Pierce-Perez,
532,Miss,Sports,"Alvarez, Murillo and Braun",400.16
533,Actually,Electronics,Harris-Page,466.46
534,Policy,Electronics,Smith Ltd,120.34
535,Financial,Books,Friedman Group,-10.0
536,Last,Sports,,402.37
537,Explain,Sports,Stokes-Tyler,265.91
538,Police,Clothing,"Stone, Holland and Davila",156.53
539,Later,Home,"Hanson, Watson and Wong",178.12
540,Audience,Home,Nguyen-Elliott,352.96
541,Myself,Home,Wells-Moody,254.48
542,Realize,Clothing,Waters-Donovan,469.48
543,Large,Home,Crawford-Lam,28.96
544,Turn,Home,Cruz Inc,91.7
545,Situation,Sports,"Medina, Nichols and Lewis",107.67
546,Role,Books,Nielsen-Ellis,399.66
547,Pm,Home,"Davis, Torres and Weaver",222.54
548,Unit,Sports,White and Sons,248.19
549,News,Clothing,,301.6
550,House,Electronics,"Jackson, Davis and Howard",408.79
551,Firm,Sports,"Estrada, Garcia and Gordon",214.83
552,Development,Books,"Aguilar, Tanner and Jackson",452.4
553,Well,Clothing,Horn-Bauer,421.05
554,Establish,Electronics,Gilmore Inc,412.14
555,Case,Electronics,Wright-Nichols,283.45
556,Very,Electronics,Higgins and Sons,117.27
557,Return,Books,"Marshall, Kramer and Baker",288.0
558,Watch,Books,Zhang-Byrd,308.45
559,Easy,Home,Green Group,395.22
560,Teacher,Sports,Payne-Foley,427.45
561,Candidate,Electronics,Hill Ltd,13.51
562,Piece,Home,Taylor PLC,358.78
563,Ago,Books,"Randolph, Patel and Myers",29.4
564,Budget,Sports,,488.86
565,Specific,Books,Avila and Sons,226.07
566,Figure,Books,Smith-Terry,185.8
567,Office,Books,Ibarra-Henderson,16.03
568,Property,Electronics,Payne PLC,54.6
569,Important,Home,Jones Inc,348.43
570,Gun,Home,,270.54
571,Information,Electronics,Barr-Barnes,329.89
572,Believe,Home,Stevens and Sons,450.71
573,Congress,Electronics,Robertson-Garza,203.05
574,Perhaps,Sports,Maxwell-Arellano,487.57
575,Along,Books,"Castro, Johnson and Harris",85.32
576,Market,Books,Sullivan LLC,97.79
577,Only,Sports,"Brock, Wang and Kirk",331.43
578,Design,Electronics,"Johnson, Hayes and Holland",248.61
579,Visit,Sports,Johnson Group,292.79
580,Evening,Books,Guerrero Inc,417.35
581,American,Books,Miller Ltd,402.95
582,Message,Sports,Powell and Sons,480.1
583,Republican,Electronics,Wallace-Johnson,262.04
584,Professor,Books,Copeland LLC,105.35
585,Popular,Sports,,62.47
586,Large,Clothing,Smith-Baker,255.05
587,Most,Clothing,Mendez and Sons,58.54
588,Population,Electronics,Richardson Ltd,0.0
589,Deal,Clothing,Melton-Edwards,106.22
590,Explain,Home,White Inc,313.4
591,Between,Home,Strickland-Lopez,480.86
592,Door,Sports,Powers-Stewart,257.24
593,Make,Home,,344.09
594,Ability,Electronics,Lloyd LLC,99.86
595,Share,Electronics,Brown-Hall,8.52
596,She,Home,"Henson, Moran and Nelson",278.16
597,Pressure,Electronics,Chapman-Houston,337.65
598,Space,Books,"Hernandez, Hall and Cummings",-10.0
599,Friend,Electronics,Walker-Carpenter,226.22
600,Reason,Clothing,Burke PLC,
601,Pm,Home,Key Inc,28.95
602,Ball,Books,Glenn Group,232.67
603,Form,Electronics,"Roberson, Peterson and Hart",448.45
604,Drive,Sports,"Bradford, Wilson and Walker",221.16
605,Your,Sports,"King, White and Walter",392.9
606,Street,Books,,130.31
607,Red,Home,Ramirez-Randolph,295.7
608,Artist,Books,Williams-Johnson,379.49
609,City,Sports,Carpenter Ltd,243.2
610,Outside,Home,,386.86
611,His,Books,Johnson-Garcia,53.36
612,Game,Clothing,"Ashley, Robertson and Kim",
613,Hot,Electronics,Mendez-Edwards,230.35
614,Production,Sports,Peck-Wong,66.19
615,Thousand,Home,"Williams, Gray and Lowery",289.47
616,Reflect,Sports,Hahn-Perez,271.38
617,Officer,Home,"Evans, Reid and Davis",8.85
618,Everything,Home,,131.91
619,Wife,Home,"Gross, Cruz and Galloway",316.83
620,Drive,Clothing,"Shaffer, Murphy and West",232.42
621,Personal,Electronics,"Duncan, Davidson and Miller",
622,Town,Clothing,Lawson Group,151.74
623,Financial,Electronics,"Miller, Delacruz and Caldwell",0.0
624,See,Electronics,"Jones, Barker and Stewart",398.75
625,Get,Clothing,Fuentes Inc,43.32
626,Family,Clothing,Snyder and Sons,205.88
627,Fear,Sports,Smith-Aguilar,246.46
628,Include,Books,"Randall, Oconnor and Ayala",459.19
629,Want,Home,Cruz Inc,416.48
630,Travel,Books,"Green, Garcia and Miller",422.93
631,Serious,Home,"Johnson, Norman and Jones",82.85
632,Law,Books,Davis Ltd,118.93
633,Do,Home,"Martin, Clark and Sharp",71.92
634,Himself,Sports,Glenn and Sons,89.23
635,Site,Electronics,Gilbert-Greene,327.5
636,Eye,Books,Madden-Gaines,375.0
637,Part,Electronics,Hill-Owens,117.81
638,Seven,Sports,Jenkins Group,385.04
639,Prepare,Home,Steele LLC,-10.0
640,Myself,Home,Stevens and Sons,
641,Moment,Clothing,White-Harris,388.09
642,My,Home,"Nichols, Barker and Barron",115.77
643,Party,Electronics,Collier LLC,441.89
644,Several,Books,Miller-West,
645,List,Electronics,Wilson Group,77.53
646,Break,Sports,"Matthews, Olson and Patterson",
647,Example,Home,Smith and Sons,395.32
648,Financial,Home,"Olson, Stewart and Powell",400.06
649,One,Clothing,Evans Group,316.83
650,Billion,Sports,Gallagher-Snyder,155.62
651,Fire,Home,Meyer PLC,431.87
652,Economy,Electronics,"Hendricks, Walker and Bishop",228.82
653,Realize,Electronics,Lyons-Hoffman,201.89
654,Such,Sports,"Reyes, Holt and Carpenter",166.93
655,Future,Sports,"Wade, Nguyen and Brown",486.07
656,He,Electronics,Myers-Fox,302.48
657,Opportunity,Clothing,Ortega-Silva,-10.0
658,Or,Clothing,"Rios, Cruz and Lawrence",160.11
44,Analysis,Books,"Michael, Anderson and Gonzalez",342.34
660,Food,Books,Cook Ltd,488.84
661,Evidence,Sports,"Gibson, Kelly and Ryan",306.57
662,Worry,Clothing,Gonzalez Ltd,76.85
61,Question,Electronics,,-10.0
664,Occur,Books,,20.28
665,Budget,Sports,"Foster, Torres and Golden",157.19
666,Force,Clothing,Reynolds Inc,30.56
667,Result,Home,,183.53
668,Despite,Books,Watson PLC,14.58
669,Body,Books,"Green, Gutierrez and Porter",108.4
670,Step,Home,"Wells, Johnson and Robbins",131.77
671,Police,Home,"Nelson, Wiley and Fox",401.45
672,Understand,Home,Murray-Heath,60.43
673,Design,Home,Rivera-Yates,132.45
674,Budget,Books,"Perez, Browning and Harding",
675,Raise,Books,Ramirez-Mcdowell,
676,Place,Books,Mcclain Ltd,286.13
677,Arrive,Books,Holmes Group,261.76
678,Way,Sports,Mcdaniel Ltd,50.77
679,Just,Home,"Solomon, Gibson and Wiggins",135.59
680,Statement,Sports,Dyer-Thompson,5.33
681,Discover,Clothing,Green Ltd,54.54
682,Figure,Books,Harmon and Sons,152.81
683,Everybody,Clothing,Banks-Watkins,
684,Score,Sports,"Howe, Anderson and Gomez",499.27
685,Myself,Books,Knight-Ferrell,
686,Building,Home,"Peterson, Wilson and Reynolds",402.23
687,Statement,Electronics,Gibson-Bartlett,347.3
688,Lead,Sports,"Hatfield, Moore and Diaz",463.47
689,Others,Electronics,Soto Group,259.84
690,Center,Clothing,Olson Group,435.62
691,Movie,Sports,"Perry, Barber and Miles",220.88
692,Lawyer,Books,Garcia PLC,372.83
693,Range,Home,Perez-Young,380.88
694,Design,Home,Castro PLC,481.02
695,Compare,Home,Walters PLC,368.02
696,Call,Books,Davila Group,370.01
697,Ten,Home,Ross-Hayden,412.41
698,Water,Books,Chavez-Kennedy,119.71
699,Shoulder,Clothing,"Lee, Mccarthy and Alexander",293.1
700,Ball,Clothing,Brown-Ruiz,294.07
701,Same,Home,Rollins Ltd,319.87
702,Able,Clothing,,
703,As,Books,"Hutchinson, Salas and Jenkins",45.06
704,Left,Books,"Duncan, Petersen and Sandoval",469.13
705,Minute,Electronics,"Santana, Harrell and Hart",262.45
706,Whose,Sports,Valdez-Schmitt,231.98
707,Until,Clothing,Fuller-Kelly,296.93
708,Consumer,Books,,56.96
709,Stand,Clothing,"Stewart, Arnold and Marks",132.89
710,Maintain,Clothing,,253.83
711,Describe,Electronics,"Bailey, Gray and Montgomery",404.49
712,Chance,Sports,"Bryan, Lester and Shaw",0.0
713,Chair,Clothing,"Davis, Kaufman and Powell",203.31
714,Hold,Home,Torres Inc,262.73
715,Fire,Clothing,"Williams, Torres and Fowler",406.97
716,Nothing,Home,"Lane, Campbell and Moore",200.54
717,Do,Clothing,Owens Inc,230.8
718,Be,Clothing,Johnson-Boone,171.03
719,Again,Sports,"Romero, Calhoun and Joseph",348.81
720,Once,Books,Young Ltd,409.61
721,Lay,Clothing,Galloway-Cunningham,61.25
722,Us,Electronics,Harmon-Matthews,
723,Thus,Books,Campbell-Garrett,264.45
724,You,Clothing,"Everett, Jones and Woods",234.36
725,Bed,Electronics,Barton PLC,477.4
726,Finish,Electronics,Martinez-Herrera,75.78
727,Seven,Electronics,"Patel, King and Hall",54.87
728,Investment,Home,"Stein, Rodriguez and Miller",410.55
729,Nice,Electronics,Garcia-Jones,105.12
730,Measure,Sports,,63.76
731,Near,Clothing,Lewis-Meyer,-10.0
732,Inside,Clothing,"Hernandez, Vaughan and Williams",482.83
733,Specific,Electronics,Reeves-Mccoy,401.3
734,Kid,Books,,200.78
735,Together,Clothing,Schroeder-Park,131.2
736,Environmental,Clothing,"Davis, Weber and Cook",225.95
737,Stuff,Home,Bean-Burton,450.08
738,Seem,Electronics,,51.63
739,Surface,Clothing,Russell-Gardner,194.11
740,Training,Books,Gomez PLC,401.39
741,Themselves,Home,Owens and Sons,-10.0
742,Guess,Books,Sanchez PLC,158.56
743,Under,Clothing,Flores PLC,281.92
744,Should,Clothing,,42.89
94,None,Sports,Andrews-Oconnell,333.26
746,Charge,Books,Hunt Inc,318.08
747,Result,Home,Harrington-Hansen,0.0
748,Among,Clothing,Silva-Thomas,87.42
749,Smile,Clothing,White-Davis,23.94
750,Tend,Books,Moore-Fisher,463.91
751,Color,Clothing,Carter-Mata,17.79
752,Behind,Home,Anderson PLC,356.75
753,Affect,Books,Villa-Todd,245.77
754,Southern,Electronics,Parker-Reyes,66.61
755,Mention,Home,"Keith, Brown and Parker",0.0
756,Part,Sports,Pugh PLC,230.32
757,Leave,Home,"Barnett, Grimes and Santiago",154.05
758,Enough,Sports,Smith-Morris,415.22
759,Half,Sports,"Parks, Wang and Patel",164.71
760,Conference,Books,Pineda PLC,52.53
761,Cut,Books,"Evans, Watkins and Turner",19.81
762,Hair,Books,Nichols-Clark,9.15
763,Entire,Clothing,Clark Ltd,206.42
764,Believe,Electronics,"Curtis, Taylor and Bird",444.31
765,Authority,Sports,,25.79
766,Play,Home,"Meyers, Maxwell and Hampton",312.49
767,Institution,Books,Valenzuela-Ross,279.04
768,Yeah,Home,"Schroeder, Richards and Allen",21.7
769,Morning,Sports,,209.03
770,Ten,Sports,Banks-Vargas,459.53
771,Nation,Electronics,"Vargas, Holloway and Schultz",50.68
772,Bring,Home,"Petersen, Mitchell and Mcdonald",61.0
773,Usually,Clothing,Sparks-Holland,346.7
774,Drug,Clothing,Booth LLC,-10.0
775,Believe,Sports,"Martin, Chen and Chandler",108.98
776,However,Books,Hale-Garza,16.56
777,Debate,Clothing,Weaver-Smith,129.14
778,Off,Books,Jimenez-Martin,28.19
779,Hundred,Sports,"Reed, Strickland and Schultz",38.65
780,Dark,Clothing,Russell PLC,295.82
6,Parent,Clothing,"Benson, Williams and Mitchell",177.23
782,Painting,Clothing,Rowe-Goodwin,86.58
783,Source,Sports,"Norton, Larson and Murphy",344.46
784,Need,Home,Mejia PLC,226.23
785,Condition,Books,"Moore, Sullivan and Adams",236.28
786,Always,Electronics,Knox Inc,467.01
787,Both,Electronics,Fowler and Sons,50.49
788,Involve,Sports,Williams PLC,463.82
789,Many,Sports,Fisher and Sons,293.58
81,Every,Books,Gonzalez LLC,189.29
791,Job,Home,Anderson-Smith,400.24
792,Appear,Clothing,Jackson-Baker,273.43
793,Person,Electronics,Crawford PLC,77.01
794,Whose,Sports,Bell-Davis,0.0
795,Manage,Electronics,Long PLC,8.52
796,Thus,Clothing,Baker-Mcconnell,445.58
797,Report,Home,Smith Ltd,406.19
798,Success,Books,Lewis-Grimes,247.99
799,Individual,Electronics,"Watson, Christensen and Saunders",446.94
800,Dog,Sports,Sanchez Group,289.77
801,Fall,Clothing,Smith-Boone,98.28
802,Hard,Sports,Jones-Page,363.54
803,Of,Home,Goodwin Inc,382.43
804,Though,Sports,Richmond PLC,72.39
34,Father,Sports,Perez-Novak,47.2
806,Particular,Sports,Gomez LLC,102.15
807,Population,Sports,Stevenson-Murray,85.19
808,Ten,Home,Donovan-Buchanan,
809,Talk,Home,Jordan Ltd,405.69
810,Night,Home,Robertson-Ross,130.35
811,Reality,Clothing,"Cooper, Lopez and Byrd",149.25
812,Church,Books,"Reed, Robinson and Nichols",485.47
813,Movie,Electronics,Stevenson-Moore,327.51
814,Could,Sports,,425.67
815,Next,Clothing,Griffin-Williams,222.15
816,People,Sports,"Case, Garcia and Smith",45.0
817,Inside,Sports,"Levy, Martin and Lee",251.08
818,Goal,Home,Chan-Lee,-10.0
819,Stop,Books,Gould Ltd,399.14
820,World,Home,Fleming Group,56.21
821,Different,Sports,Johnson-Brandt,229.54
822,Make,Clothing,Lang and Sons,70.26
823,Itself,Electronics,"Simon, Freeman and Davis",163.74
824,Energy,Books,Lee Inc,240.85
825,Material,Books,Jones-Patton,434.1
826,Least,Electronics,"Schultz, Thompson and Medina",25.83
827,Since,Electronics,"Young, Savage and Thompson",461.9
828,Light,Home,"Bridges, Hampton and Franklin",267.06
829,Group,Books,"White, Gray and Harvey",462.05
830,Bar,Electronics,Robinson-Edwards,267.01
831,Partner,Electronics,,0.0
832,Available,Electronics,Martin-Moore,19.74
833,Before,Home,Thompson-Lindsey,37.41
834,Take,Books,Santana-Johnson,495.23
835,Measure,Home,White-Woods,417.63
836,American,Sports,,49.02
837,Maintain,Clothing,,106.86
838,Century,Home,Griffin-Meadows,10.25
839,School,Home,,303.01
840,Picture,Home,Hinton and Sons,147.13
841,Car,Electronics,Steele-Lowe,112.52
842,Other,Sports,"Stephens, Aguilar and Jones",30.2
843,Girl,Electronics,Rose Inc,214.01
844,For,Books,Richards-Hernandez,39.81
845,Approach,Home,"Johnson, Miles and Lopez",485.86
846,Wind,Home,Thompson-Dyer,486.46
847,Treatment,Home,Cabrera-Martin,8.24
848,Service,Electronics,,104.34
80,Hard,Books,Blair-Larson,259.34
850,Although,Clothing,,
851,Technology,Home,"Torres, Perez and Black",265.16
852,Involve,Clothing,Roy LLC,280.62
853,Let,Sports,Brooks LLC,445.63
854,Who,Home,"Savage, Coleman and Mendez",233.54
855,Serious,Sports,"Cole, Mitchell and Ellis",364.8
856,Father,Sports,,338.96
857,Dinner,Sports,"Mcgrath, Lee and Walker",
858,Home,Home,"Gonzalez, Ho and Gonzalez",440.9
859,Gun,Electronics,Michael-Maddox,172.65
860,Art,Books,"Price, Moore and Quinn",-10.0
861,Tax,Electronics,Dawson Inc,0.0
862,Such,Home,"Marshall, Webb and Webb",53.1
863,Bad,Home,"Martinez, Cunningham and Harrison",
864,Capital,Electronics,Dalton Ltd,490.58
865,Analysis,Home,Sanchez-Carter,
866,Many,Sports,Fitzpatrick-Hull,8.52
867,Edge,Home,"Joseph, Barnes and Aguilar",485.64
868,Modern,Books,Paul LLC,
869,College,Sports,Koch-Moore,60.21
870,Seat,Home,,156.42
871,Whom,Clothing,"Goodman, Morgan and Clark",201.6
872,Serious,Electronics,Goodman-Chen,324.58
873,Culture,Clothing,,367.9
874,Care,Home,Moore PLC,211.82
875,Method,Electronics,"Griffin, Craig and Nelson",54.96
876,Out,Books,Hicks Group,398.37
877,Identify,Home,Marquez PLC,351.69
878,Treat,Home,"Mayo, Walker and Charles",33.23
879,Far,Electronics,"Yoder, Wallace and Blair",479.58
880,Final,Electronics,Marshall Ltd,351.12
881,Election,Books,Pruitt LLC,325.03
882,Most,Electronics,Schultz Ltd,259.54
883,Financial,Sports,Moreno PLC,290.69
884,Teacher,Sports,Sanders PLC,252.02
885,Laugh,Sports,Moran-Hebert,13.05
886,Keep,Home,Johnston-Williams,266.82
887,Fire,Clothing,Boyd PLC,28.39
888,Child,Books,Barnett and Sons,385.51
889,Card,Electronics,Wilson-Neal,0.0
890,When,Clothing,Burke-Williams,
891,And,Sports,"Cox, Ross and Stuart",44.89
892,Will,Sports,Watts LLC,188.63
893,Hear,Sports,"Robertson, Davenport and Martinez",409.42
894,Father,Electronics,Roberts-Perez,288.51
895,General,Books,Reynolds Group,342.71
896,Street,Books,Byrd Group,233.36
897,Take,Electronics,"Gonzalez, Burton and Taylor",482.85
898,Those,Clothing,Gonzales-Dennis,323.72
899,Though,Home,Rios Group,45.89
900,Smile,Books,Miller and Sons,457.23
901,Skill,Books,,18.34
902,Form,Books,Johnson-Bryant,361.8
903,Send,Electronics,Esparza Inc,337.76
904,Television,Clothing,Pineda LLC,468.5
905,Create,Sports,Young-Nguyen,253.22
906,Year,Sports,Wolfe PLC,304.3
907,Ago,Electronics,Williams and Sons,
908,White,Electronics,Moses Inc,465.62
909,At,Clothing,"Ashley, Mcintyre and Cox",438.37
910,True,Sports,Luna PLC,408.88
911,Cup,Electronics,Warner-Reilly,23.72
912,Three,Electronics,"Ware, Blevins and Edwards",287.35
913,Arm,Books,"Leach, Adams and Taylor",88.38
914,Senior,Home,Rogers-Chapman,356.31
915,Century,Books,"Mcclain, Hernandez and Fischer",
916,May,Clothing,"Baldwin, Schwartz and Romero",108.02
917,Bank,Books,Walker LLC,256.6
918,Growth,Clothing,Brandt PLC,96.8
919,Question,Sports,Guzman and Sons,185.51
920,Short,Books,"Garcia, Hurley and White",264.99
921,Notice,Clothing,Jackson-Finley,139.78
922,Rather,Clothing,Harvey and Sons,498.94
923,Add,Electronics,Brown Ltd,476.21
924,Green,Electronics,"James, Forbes and Garcia",467.94
925,Employee,Home,Harris-Smith,
926,Often,Sports,Villanueva-Scott,256.87
927,Office,Electronics,Flores LLC,312.57
928,Enjoy,Home,,44.83
929,Part,Clothing,Anderson Group,344.9
930,Daughter,Electronics,"Davila, Norton and Sawyer",279.45
931,Reduce,Clothing,Peterson-Phillips,65.39
932,Step,Books,Craig-Andrade,209.51
933,Study,Electronics,Wallace PLC,140.05
934,Second,Books,,115.67
935,Safe,Home,Aguilar-Smith,175.77
936,Cultural,Home,Dickerson Ltd,318.38
937,Red,Clothing,Arroyo-Smith,494.42
938,High,Books,Graham LLC,73.71
939,Assume,Clothing,Stevens-Mason,142.25
940,Administration,Books,Robinson-Obrien,354.26
941,Traditional,Books,"Moody, Pennington and Martin",498.51
942,Language,Books,Garcia PLC,62.73
943,Grow,Sports,Flowers-Luna,11.37
5,Lawyer,Electronics,Vasquez and Sons,75.32
945,It,Electronics,Russell Group,260.36
946,Although,Books,"Downs, Williams and Lee",260.91
947,Rather,Books,Stevens LLC,198.3
948,Amount,Electronics,Gomez Ltd,397.11
949,Natural,Electronics,"Christensen, Hoover and Newman",170.8
950,Summer,Electronics,,
951,Most,Clothing,Ward and Sons,14.1
952,Claim,Sports,Poole LLC,278.48
953,Guess,Books,"Benitez, Reese and Perez",65.04
954,Care,Clothing,"Lee, Carrillo and Hodges",212.18
955,Between,Home,Powers PLC,370.56
956,Tell,Sports,"Miller, Dixon and Baker",408.22
957,Politics,Books,Vaughn Ltd,262.3
958,Back,Books,Watson Group,
959,Nation,Books,Mills-Clark,63.21
960,Thought,Sports,Martinez PLC,183.58
961,Bit,Books,Davidson Group,129.37
962,Risk,Clothing,"Mccormick, Acosta and Simpson",414.8
963,Quickly,Books,Butler-Smith,328.48
6,Recently,Clothing,"Clark, George and Edwards",323.95
965,Would,Sports,Gray-Hebert,340.72
966,Last,Sports,Mathis and Sons,407.72
967,Billion,Sports,"Campbell, Brown and Cook",492.62
968,Subject,Clothing,Anderson Inc,343.31
969,Democrat,Home,"Campbell, Vaughn and Olson",
970,Night,Books,Cortez Group,424.97
971,Less,Books,Smith Group,5.85
972,Most,Sports,Rhodes LLC,46.92
973,Free,Sports,Taylor and Sons,68.37
974,Build,Home,"Rodriguez, Gardner and Middleton",145.78
975,Where,Books,Moreno-Barr,16.85
976,Film,Home,Stephenson and Sons,419.8
977,Clear,Sports,Singleton-Sullivan,339.89
978,Foreign,Clothing,"Adams, Rodriguez and Young",293.97
979,To,Books,Shepherd-King,316.56
980,Computer,Clothing,Hernandez-Simmons,211.87
981,Move,Clothing,,267.14
982,Report,Sports,Wood-Parker,304.21
983,Central,Clothing,Salinas-Schmidt,347.9
984,Republican,Books,"Hicks, Simmons and Harris",495.54
985,Kid,Clothing,Berry-Smith,50.95
986,That,Home,Schneider and Sons,266.92
987,Much,Home,Best-Cook,453.29
988,Else,Home,"Barnes, Bradley and Chambers",371.9
989,Charge,Electronics,,356.69
990,Do,Electronics,"Ponce, Martin and Taylor",23.72
991,Suggest,Electronics,Roberts-Oconnor,-10.0
992,Experience,Books,James-Sanchez,194.84
993,Edge,Clothing,Lucero-Perez,129.13
994,Wind,Sports,,
995,Range,Clothing,"Rogers, Morris and Rowe",
996,Manage,Sports,Powers Inc,
997,Require,Home,Byrd Group,332.85
998,Tree,Books,"Williams, Caldwell and Mack",54.7
999,Soldier,Sports,Thomas Inc,28.68
1000,Four,Home,"Lucero, Davis and Perry",313.73
1001,Bad,Home,Bright-Mclean,0.0
1002,Level,Home,"Bullock, Hensley and Kaufman",204.78
1003,Common,Home,,384.7
1004,Phone,Clothing,Fields-Edwards,225.91
1005,Claim,Books,"Adams, Gibbs and Nelson",320.57
1006,Another,Home,"Mitchell, Roberts and Jones",462.13
1007,Nor,Clothing,"Johnson, Hebert and Snyder",-10.0
1008,Method,Home,Martinez-Graham,499.81
1009,Social,Electronics,,457.93
1010,Employee,Electronics,"Hunter, Jenkins and Foster",325.08
1011,Expect,Clothing,Crane-Marsh,-10.0
1012,Establish,Books,Martinez-Reynolds,0.0
1013,Continue,Books,Cochran-Carlson,486.89
1014,South,Electronics,Owens-Myers,425.71
1015,Field,Clothing,Moore Ltd,77.09
1016,Body,Sports,"Oliver, Garza and Pierce",0.0
1017,Myself,Clothing,"Carter, Davis and Combs",313.33
1018,Chance,Books,Humphrey-White,476.66
1019,Week,Clothing,Oneill Ltd,303.55
1020,Any,Home,Cortez-Fletcher,128.29
1021,Positive,Home,Murphy-Brown,8.75
1022,Could,Sports,"Herman, Chapman and Davis",166.97
1023,Center,Books,"Matthews, Cantu and Escobar",106.43
1024,Rate,Clothing,Williams-Turner,149.89
1025,Reflect,Home,Wilson-Cunningham,-10.0
1026,Sort,Books,Herman LLC,343.98
1027,Growth,Electronics,"Hill, Schwartz and Logan",214.48
1028,Size,Sports,"Goodman, Dawson and Shaffer",289.51
1029,Cup,Home,Perez-Gay,231.32
1030,Deal,Electronics,Trujillo and Sons,34.72
1031,Carry,Clothing,Moore Inc,429.59
1032,Determine,Sports,Rios-Johnson,83.56
1033,Newspaper,Sports,Moore-Miller,396.92
1034,Do,Books,,409.09
1035,Himself,Electronics,"Gray, Craig and Pruitt",374.44
1036,Claim,Home,Lee Ltd,
1037,Free,Books,Newman-Bell,219.86
1038,It,Books,Decker-Long,340.73
1039,Low,Home,Callahan-Brennan,384.36
1040,Behavior,Electronics,Mcknight Group,357.64
1041,Across,Home,Carpenter and Sons,377.64
1042,Represent,Clothing,"Rose, Ramsey and Howard",167.24
1043,Threat,Sports,"Johnson, Russell and Richards",330.95
1044,Through,Sports,Pearson-Dyer,492.93
1045,Market,Electronics,Ramos-Sullivan,254.58
1046,There,Home,Woodward Group,
1047,Image,Books,Mcgee-Duarte,446.81
1048,Expert,Home,"Gardner, Wallace and Davis",389.51
1049,Fly,Electronics,Myers and Sons,128.72
1050,Technology,Electronics,"Delgado, Whitehead and Miller",395.18
1051,According,Electronics,Robbins and Sons,390.35
1052,Pull,Electronics,Mercer and Sons,359.74
1053,Series,Electronics,Dickson-Moore,74.34
1054,Their,Electronics,Long PLC,480.14
1055,Serious,Home,Williams and Sons,189.94
1056,Sure,Sports,,148.29
1057,Mean,Books,Smith Inc,162.92
1058,Age,Books,Schultz-Roberts,
1059,Point,Sports,"Russell, Manning and Nichols",276.79
1060,Subject,Home,"Sims, Long and Bell",
1061,Home,Sports,,470.13
1062,Partner,Home,Conner-Hogan,0.0
1063,Member,Home,Valenzuela-Reyes,473.0
1064,Generation,Books,"Daugherty, Brown and Chavez",264.64
1065,Some,Home,Mathis PLC,-10.0
1066,Sign,Electronics,"Davis, Barber and Phillips",407.2
1067,Pressure,Home,"Donaldson, Mason and Martin",139.64
1068,Save,Electronics,"Anderson, Perez and Woodward",377.79
1069,Prevent,Sports,"Harris, Flores and Bennett",312.82
1070,Foot,Home,"Garcia, Evans and Hughes",226.64
1071,Realize,Home,Hobbs Group,485.47
1072,Class,Books,,293.95
1073,Common,Sports,Hall-Ramirez,
1074,Forward,Clothing,"Murphy, Torres and Parks",22.83
1075,Man,Electronics,Rodriguez-Johnson,198.27
1076,Five,Books,Santos Group,480.47
1077,Determine,Books,Rodriguez and Sons,340.25
1078,So,Sports,Lamb-Smith,267.54
1079,Mr,Clothing,"Wang, Parker and Powers",422.63
1080,Law,Clothing,"Castillo, Sanchez and White",6.6
1081,Support,Clothing,Miller LLC,
1082,Establish,Home,"Parker, Porter and Potter",459.89
1083,Camera,Electronics,"Pratt, Morgan and Merritt",400.5
1084,Family,Electronics,"Turner, Hodge and Marshall",0.0
1085,Candidate,Sports,"Hendricks, Crawford and Anderson",341.16
1086,Significant,Electronics,"Roberts, Freeman and Anthony",102.15
1087,Final,Home,Cooper-Simpson,122.73
1088,Trouble,Clothing,Walter and Sons,257.5
1089,Compare,Home,"Pratt, Williams and Thompson",356.37
69,Dog,Home,Brown-Whitaker,219.17
1091,So,Electronics,Elliott PLC,458.07
1092,Add,Sports,Walter and Sons,238.76
1093,Discover,Home,"Thompson, Barnes and Lopez",-10.0
1094,Seven,Clothing,Pena PLC,
1095,Cultural,Electronics,Richardson Inc,456.06
1096,Add,Books,Velasquez-Lee,203.57
1097,Study,Books,"Christensen, Lopez and Miles",370.06
1098,Effect,Sports,Goodman-Mays,472.71
1099,Strong,Sports,"Ware, Bush and Morales",408.34
1100,Girl,Sports,Taylor-Whitaker,482.43
